PIDN,Ca,P,pH,SOC,Sand
09gt9UK5,-0.6193326115791807,-0.025503913292570957,-1.5650030162474895,-0.5437651620299775,1.6826982877445538
0BVvxJ6a,0.35837459809107436,-0.30556547989633387,0.9303032109582983,0.2609675350882199,-1.7428614262081261
0dTqplIM,0.04413519344893706,0.08471446478781886,1.2408361981704257,0.28254025540085337,-1.2408946916440051
0KbdgApg,-0.14538757388419352,-0.30005387522485094,0.08006338250333833,0.08058143858446698,-0.6043271955423712
0lNiZicC,-0.5385983922674052,-0.24899624226870642,-3.0692210035786065,-0.6601813280244286,0.07777207937570196
0MnuuduB,-0.25088066315109764,-0.28477657952769064,-0.4254344450807839,0.5336220112226684,-0.670415535538357
0PcIsF9z,-0.434981254332318,-0.1617549759202781,-1.9182170680833242,0.09729130439976785,-0.2530259340638601
0rGeJ0QN,-0.5485449266422459,-0.10405366302163443,-1.109350639666447,0.3281331220196435,-0.3633390724208745
0ShTFLYJ,-0.41540329649496727,-0.5437178787514974,-1.4725110597652264,-0.6627705557216004,0.4829799277703408
0sXI9ytQ,-0.6899394166336786,-0.40152396955906866,0.060761896478195965,-0.770421445452449,1.6159590280584801
0ukt4aP6,0.4114073152795998,0.26569669687071595,1.6969730277750141,-0.7585270806861999,0.9511926662070458
0XZh9jka,0.017049872072904135,-0.3949172535203367,-1.470483196109173,0.6421194884033312,-0.8406785888092578
0Y7Wegri,-0.34258128195318754,0.5116459944520351,-0.07604017917242523,-0.10259354955402245,-0.15959065459364652
1AGspb8f,-0.34786050515961137,-0.40958812605183326,-1.0636009458520466,-0.07231383702079341,-1.360829930179623
1arHxK3Y,0.7197954069767979,0.3753876782257315,1.334861696716187,0.5157459333109173,-0.29034736441471765
1Csy0gvE,-0.40133376641681867,0.00609022916344415,0.1744142939385238,-0.6187039157980152,0.7638001603153519
1fCW4Bba,-0.5721111486752039,0.6055827356622352,-0.3666281175875401,-0.39521211246843535,1.0882509489455536
1Ic2hly1,-0.43905407045972794,0.32273775903652435,-0.31489364963374733,-0.12329633872055723,0.7947031716047626
1PPbaTwt,-0.537292046067187,0.3169699985983492,-0.7118712964075957,-0.45102424915963724,1.628464315493968
1qDZNvIm,-0.3821015264194632,-0.33192112608682933,-0.1982841524336454,-0.8620952471878454,0.8675208358544317
1SO5VJNy,-0.25663179716072065,0.013866853866627338,0.04269564163791806,-0.3853488059903256,0.48630538143506996
28LYJC2V,-0.44609258934705004,-0.2793330050653573,-1.184828285579103,0.5657636883125079,-0.9408288087762209
2cx85d9H,0.06033581720924401,-0.424425301754102,-0.13976126205318629,0.16658340352390866,-0.9686064973339832
2CzACvQq,0.5385758595538886,0.4982437127846673,2.1251230894415567,-0.43836418502765895,-0.36836657765170244
2FT3crfv,-0.24115210059180167,-0.01001606129191046,0.9777714904560053,0.23981158590189722,-0.6751126336222093
2Fy2uHVg,-0.4888575549480288,-0.1939197903911669,-0.374521144146458,-0.4606063457267382,-0.5842435394461951
2homMXMV,-0.47492426114671155,-0.11681490070347778,-1.7426094486311303,0.1618696774621995,0.5412624839372278
2ldLrUtq,-0.3473048884465429,-0.22670858419676065,0.5376093094411072,-0.41830438077791854,-0.07736335241870407
2MkMEApm,-0.4119523636848786,0.32964385728794454,-0.06829603956464503,-0.5791737333056162,1.6210606246294468
2NDGWEOe,0.810008716631715,0.46924028269225104,1.3810568983832336,-0.6585466176292911,-0.773385032207532
2nsACW6G,-0.25130833836136063,-0.4512616315032325,-1.4354920897162646,1.3329504835392427,-1.1153563271110194
2NyyCiqn,-0.3070141619827918,-0.011506113351945402,0.13539584837337593,-0.43416734086073205,0.5591380151326142
2QcbdrUZ,-0.5683288728547732,-0.6671441354910463,-0.025120763860629225,-0.3422227676250813,0.4645177018827802
2QRzIb84,0.09005702821801213,0.5114026489327692,2.0927451778040886,-0.5318760530708104,0.49131215920342797
2YgAimWK,-0.35983677044364587,0.2401309257284332,0.09778477931524598,-0.5150414398421717,1.3496259597613083
2yMbVnWc,-0.3843523419013715,0.28616048395727134,-1.6858283592897596,2.221421638138544,0.7613683905800848
36r8sgGQ,-0.3188236620355061,-0.22826540428738795,-0.0489031971285403,-0.5951347942795664,0.5501518673480881
3fRLm8f5,-0.2569194844864176,-0.31718835297849424,-0.3501948185277133,0.15591744194720292,0.022099692967369577
3mZhp1nQ,-0.5495616794007244,-0.5086672842635132,-0.3798318359854438,-0.602198256190114,0.7600422933573121
3NXAXCl3,-0.5154465986795961,-0.5352473465872869,-1.310688272626182,0.3858594854546382,-1.2185400977633414
3pikJXRL,-0.43642707640501627,-0.673604610491541,-1.5682179575707114,0.33589662627176864,-1.0982550696463456
3pxOEGHL,-0.3886362278658973,-0.20716000524314282,-0.4938603544013649,-0.5809882878893049,0.5932127693448841
3QG0z6fl,-0.6213419386936044,0.21562737598562975,-1.6470707033687422,-0.5119010536090727,1.5196854944769278
3ttdV3f5,-0.4768705175307724,-0.019120951207671766,0.05391881778836982,-0.2864280693169903,-0.7578810748346747
3v4X6Mfe,1.3504260029513602,-0.17928794441192863,1.6803583517453244,-0.5662249683063791,0.7318545092238331
3wORuPiv,-0.5476869469729012,-0.27420051640817533,-0.49109423329776014,-0.2990918474883628,-0.5540130618793206
3WS8R9qm,-0.5102787620215713,-0.38724281210031464,-1.455990345178522,2.304511691111692,-0.8549036558725653
43EfrxZj,-0.004481928191764144,0.1382621113744129,-0.4248771934057931,0.2512901870273154,-0.2518827524728273
457Vwm21,0.2334177902626701,0.2933872657750065,0.03818096299300855,0.5287231198267719,-0.9573093026138828
46KNnOdx,-0.4925157306293167,-0.1684830142394027,-1.1616171695251314,0.08459760623194512,-0.3595081104905127
47TwNsVC,-0.3683880295240774,-0.5703242044482728,-1.4663760455907795,0.988236093714967,-0.8801228899484137
49856RpO,-0.33605521380471487,-0.5221975147969466,-0.6347999761640057,-0.4541366333482628,-1.009760831366382
4Ane1o2N,-0.3736933148332136,-0.2035540194874308,0.10904234660892875,-0.3810404446516813,0.0725690399903236
4AyVUgSc,-0.43740102997137825,-0.4288166591931919,-1.2003412895928722,-0.5866010476824712,0.24302105902088655
4B1951On,-0.13432516513504797,0.1309039909383749,-0.36706396515217143,-0.03383241461366282,0.987320658623414
4eQ90eLY,-0.06102422750298027,0.36761784015018506,0.0009639759460906561,0.5225161858148013,0.28410138487734216
4o5jwMj8,-0.25813438437000663,-0.3684484547147555,-0.5224768266149358,-0.6578588835677337,0.15195263074374665
4OL39Teo,-0.008451734054271203,0.32912471936381493,-0.24925674280882681,0.33203255293896206,-0.042428166432816994
4vPgpl2c,-0.45974721717889594,-0.20840617053088195,-0.32291677426963084,-0.8716120077014793,0.3943154046227413
51r9aA0d,-0.2602425169081682,-0.3806646220682275,-0.18743935284908453,-0.5214578289896608,0.37855613954334544
58SmeRoP,-0.20080863801873025,-0.07896283142961025,0.002115982992107135,0.005285427352681893,-0.7075231208310448
5a8sf6QV,-0.09114664124848966,-0.16992947591004182,0.6114754632044406,-0.01640816805589651,-0.5712279875079709
5eSvmqYm,-0.35205737496675177,-0.30430708307992305,0.2863805359726239,-0.3937554567414381,-0.5478293102351905
5HJp1AXn,-0.5067306651217743,0.11110598118741777,-0.8432307972726694,0.5357374660993983,-0.16817130572789907
5hkN8fiv,-0.3090202317689639,-0.15048279885465732,-1.4904448838395883,0.9378559533907165,-0.6898773139911079
5MBZW7fx,-0.20526624246670674,-0.2641817085213667,0.5957337754747396,-0.6172442335268542,0.3611850453488863
5Nq3gHaP,0.2012472913785798,0.6867187093567075,0.07636536390623228,0.701628397695039,0.2649195919565521
5oK8Gti5,-0.6052283658835004,0.05156922834705924,-0.8611058182245888,-0.5149196374813627,1.701697559488732
5paniGaU,-0.5258793664826947,-0.3624269844121706,-0.9769455151100619,-0.863599656830921,0.9012866201373093
5RmwFFK3,0.6415186239924106,-0.27786151602865417,-0.7380932336627684,0.003324084642407854,-1.6974699744715487
5Tu5Jbov,-0.5298022485157491,-0.23525388444156548,-0.24485697415934915,-0.1838004587215991,-0.3228202446935917
5vsr7ZUP,0.6623481345258581,-0.41712785091383253,1.1121340588047115,-0.28747138111744874,-1.3456064026359833
5YEolkev,-0.28663439704391763,-0.24911792559121082,0.3249787821296177,-0.3888258214460265,-0.3264623216892666
60B4xMWI,-0.435060102829056,0.0917455251992827,0.7937275743987566,-0.7448468927463736,0.7619530397331822
64jOUtKy,0.2499387937736083,0.022819363533042036,-0.7105797045452409,2.0881745976458106,-1.3187485703238941
6AJo4xNG,-0.4731392384029545,0.18026429824660894,-0.5684704184255924,0.028086060097884058,0.7024419901335044
6CAvhEte,-0.5104432899307844,0.0523599629568956,-1.0851657239849164,-0.24328595927587315,1.3363905243985776
6CuGYjT5,2.4923222891090133,-0.3726912042484152,1.491805829544715,0.8176669645763823,-1.0193533864186044
6DGH8ujZ,-0.30975088306632387,-0.15132012806768458,-1.3425964856421633,0.3642911340357742,-0.44250989631118287
6eUWsVzw,0.8109061108762864,-0.2270408591220736,1.1020411671283892,-0.16644502615596224,-1.567778588443705
6gNyO7Do,0.12134744343580321,-0.27900313202460225,-0.06004518991653818,0.525977516494585,-0.9108670742117262
6jT0AyHe,-0.008121453566661234,-0.04803447271203609,1.384800928273533,0.2102045850024652,-1.2219270538263096
6nBgCvWu,-0.6012736965712439,-0.2387204894975845,-0.3444362092080855,-0.48570913705949437,1.0817276973501997
6PzsGdVm,-0.29091787493652227,-0.05967799477818758,-0.8312672243532706,0.43703601367545986,-0.4459137043978423
6ro5mqg6,-0.2813208885426964,-0.26850956154973815,0.3649184895979243,-0.4000308389790561,0.17035177464449802
6sGqObX4,-0.5989079472017972,-0.4590386055033129,-0.6198152595418396,-0.5515010178714519,-0.7127356776673857
6UcSJMbq,-0.5526955730221671,0.28975158437154036,1.2325478722008238,-0.9439392001699716,0.45387894839577925
6uEGy0n4,1.8176023243273014,0.07545592238332333,1.9480557303913297,-0.7223708173246095,-0.995314289073665
6WJbkH8U,1.1342534486170996,-0.35405652605274796,1.614618868667547,-0.15993802828912607,-0.8879978708119758
7aF7nnwn,-0.5677144615382016,-0.5288433225350424,-1.4424266566887827,-0.8882902545323859,0.8532237322632703
7asGzfX9,-0.22261754414233667,-0.09034279692693659,-0.35294133387992765,-0.24430481004079496,0.2564494887536988
7BZ4LxP8,-0.2504482977659728,-0.4126334445090585,0.032477126164165426,-0.4086213219593091,-0.09978637368667265
7cg7C92o,-0.4497323530097597,0.28459033565107106,-0.19508501830364544,0.8303942898387859,0.4475797795165839
7CmigXKi,-0.5330433377396974,0.020620503763918663,-1.5027322507230583,-0.3195928781351185,1.2467164998796783
7eOxTpsB,-0.24140828432705827,-0.11155749107544821,-0.006923907591842138,-0.6055952159508351,0.8749118327667951
7ey0v7ma,-0.5157054610154811,-0.5913468388598382,-1.0628699704652735,-0.0482105929636063,-1.2383297487413962
7Ga0LpfR,0.28238535136480664,0.20867405463561894,-1.6395450827130862,1.8693358413825436,-1.3627752605189905
7gocyrYl,-0.35096686009311157,0.01706871182161862,-0.2912432570558412,0.7355916192828218,-0.22840230029951059
7gqR3GoA,-0.4609792797051449,-0.32871220460672035,-0.8942757073231196,-0.37792225856261297,-0.7093163842947412
7og7aUXB,-0.18365220049860884,0.05586085234702054,0.921316492099093,-0.03617056851813771,-0.24412046838560642
7onRfa8F,-0.0822844874759477,0.011225603141635787,1.4125106426147322,-0.37099614535505765,1.0876836207879954
7PQsFvsG,-0.3352650758728602,-0.10459601642921612,-2.0372847483450887,1.141271648171859,-0.47403245248833414
7umkNuxM,-0.15183066184460312,-0.15812310602357016,0.3727253324210533,0.3825176951068343,-0.7248607148868338
7vPr9ExD,-0.04504062247079384,-0.22026698391252708,0.35900643869581295,0.0382755581986558,-0.5292977613354175
7zNjpCzu,-0.436162470554097,-0.3375831568582477,-0.11610916339282262,-0.41022584160187847,-0.7242744802261747
7ztsQNj3,-0.37230624329863865,-0.3048791162281965,-0.2040697838018577,-0.19179632449273498,-0.6605099325698554
86gppwMI,-0.46342524961370174,-0.29989412539814353,-1.2304730301941635,-0.7655686035254448,1.524645277848233
88thAGdL,-0.4062783135107631,-0.16864578780311845,-0.06841059873477384,-0.5157282488885002,0.29658726584593964
8ajs2uG8,-0.41093240633109446,-0.46210334527765795,-0.6114994146174713,-0.46149168255029593,-0.9843436820884541
8bXnz62p,-0.5263003556433775,0.04110825643604343,-0.264686406394846,0.5781771381516947,1.1334018720171137
8GhU8STP,0.9033862892486736,0.2011164311179776,1.3456726623846276,0.5072004033172917,-0.6498070488742975
8NlzDcWe,-0.41026255063402367,-0.3247552950951764,-1.9835507619678783,-0.6369192597721494,0.11686521185938759
8nO1O1LG,1.5012146576395007,0.5029916467547331,1.4312554863344626,1.5831196055037609,-1.0108900537289607
8QAejdLW,-0.17964943708343614,-0.2414470079574791,-0.016042905766541438,0.1391922965013137,-0.7586397746145828
8RDeFxWM,-0.2575905285422731,-0.2508963019217596,0.0590329835888479,-0.7623790654510785,0.8915531611764003
8UXP2NBS,-0.5549059080170823,-0.5189928791560057,-0.8329391141345486,-0.4450600011677679,0.21740696722181596
8xE1p8g8,-0.4408617893264109,-0.11916155724700062,-0.3176026708526951,-0.254756051268906,-0.26762146805967646
8yMDVMRM,-0.3195790410499613,-0.4290859012425905,-1.154262124751428,-0.3921360994667893,-0.7872747744696404
8ZoV3KGT,-0.40917263894660977,-0.35008627100339496,-0.055958340005988205,-0.5296622386158205,-0.15415536960435716
98R5VaPi,0.5727960708874628,0.2681583356907389,2.3126205821115473,-0.8497298611623236,1.253627310101276
9DcTz2Ua,2.5793388218445386,-0.21526287577305325,1.6023355437358742,0.7220208510480361,-0.6884010602590003
9G7nfUrK,-0.3040224407752637,0.08678140967188241,-0.36614131990438814,-0.4398987154958931,1.281557769088888
9iQwmFJR,-0.43943436470109326,0.013293284721864751,-0.5528620897218861,-0.4019405314442892,1.0747017954944589
9O6GZ1HT,-0.43617889901011303,0.5121376416509769,1.374477764547235,-0.9048129502343372,0.05799618681330898
9S7fCoAM,-0.6553978786107374,-0.5039796236241934,-0.17531112725316866,-0.26114273912249786,0.7546909004030589
A3Mt6SAQ,1.1906378308118462,0.13088617295127492,2.1696080854943585,-0.9326201720213803,0.34957839044173156
a7bhJGBU,1.982241489856372,-0.008602678183681434,1.6114024930214992,0.5903725276471405,-0.5588791467544958
AaFvEoHq,-0.28498379591028794,-0.3180098604379715,-0.2846469830354881,-0.7785242464765005,0.6449441033818424
abCzN1zx,-0.3096310144014987,-0.2522636535822791,-1.6569142550229135,0.35450513181471166,-1.0369922444152486
ae7sMiB4,-0.21861611636640407,0.14324325426698792,-0.2245052853745637,-0.18064499831776715,0.3049128352485262
afsVuCGV,-0.3504989308796583,-0.5031564380378519,-1.0436537841420677,0.3751813908775503,-1.083595427630005
aHpv6KzP,2.9207924946155983,0.06899662528214989,1.557066569145773,1.1414931334698295,-0.6606177455579179
AiIPD6hX,-0.14704378769618795,0.12029098309633568,-0.6110964634593774,0.42293147289777977,0.1635185956783083
aINzEBVN,-0.48260448498316194,-0.502932601028963,-1.9673140629599875,-0.34101339607010317,-1.2543978343729556
aiwBQETI,-0.05478887013121232,-0.42048783544030144,0.48490124341344476,-0.1909350816512969,-0.614225610557785
aiyli4EI,1.3215699608642661,1.239636770648783,1.5343604759884766,1.0197274716147504,-0.08753181374968122
AJIsQIcV,-0.48179670144112713,-0.06570570807614118,-1.345917607108051,-0.23456185505207117,1.3348360498638634
AMHKXMh8,1.6897242622560298,0.7366422350560491,1.8618511277404064,-0.5549592259603386,-1.0725524381524316
aP9EtTGF,1.9002867609834477,0.04923020528533684,2.03000321926538,-0.7891121995980583,-1.1030029407830604
apJ7NmzD,1.7123166405104722,0.30621637736024,1.990020186373327,-0.471598779498855,-0.8889905670913301
AsIURvJS,-0.3457414158953918,-0.10722028892721269,-0.0010403127095077735,0.9818416697872081,-0.9185811278640337
AsvgbJ0C,-0.16094048479165632,-0.0051423091908624485,-0.5376443614101181,0.7738552211790548,-0.07971090802138647
ASwA2J4E,-0.2359550912136351,-0.018593722056696294,0.29851767076263336,-0.37505163909323613,0.4566147213025964
atVjNMtQ,-0.4695835726761684,-0.5684782680427567,-1.6326574725553105,1.8715068214455997,-1.0232317790851972
aV6EhtSL,-0.45487802054980137,-0.20530475442771845,-0.011305606426619264,-0.4914162041800054,-0.09423957446606224
aVZsXKoH,1.5689595885876595,0.06271640434263404,1.8330867175332042,-0.7440639848482178,-0.9800651716778681
AxEhbkCM,-0.3963759157143732,-0.373525284870059,-0.35599670637987124,-0.5931964897281077,-0.3086855544443985
aYVnVJvc,-0.06435602923509849,-0.12306571505994057,0.3556787297944748,0.6744028253465686,-0.8996641043887372
b5GirVGV,-0.2748510482334577,-0.19674059167752844,0.3958528138637103,-0.505228203661737,0.49837041415221606
B7VPkIpx,-0.7370159329347145,0.11827487423854777,0.39113711495349257,-0.9133829182050803,1.320279309716991
b9SpMjNB,-0.20320671771600338,0.21769539750405542,-0.0922893922983139,-0.1822683763707218,0.7113497204099097
bAFs37yy,-0.2844750009283162,-0.38708974359085246,0.008725245836783913,-0.7782713524342952,0.8763098623475365
bat8tcGs,-0.26959447766873496,-0.3523287252928391,0.5808870780606963,-0.22471590177107004,-1.503276970312161
BBwHqHiH,-0.13694470676226853,-0.5046542006448114,0.5995309884942781,-0.22855384987402516,-0.5584793896451608
bDia1hHV,-0.33742460936412805,-0.19210292325530887,0.7694231985458355,0.040278952921688926,-0.7726929198980521
bfjej4wu,-0.5757088745521403,-0.6761764842458184,-1.500979930403334,-0.30718481515847174,-1.5297353036167785
bFkv5Mtr,-0.3500490960368841,-0.06212204466553217,-0.7937137381205748,0.2427479129201302,-0.397005149430786
bh04YDiP,-0.23077900849357444,-0.32216907483323,0.2054362624635342,0.21416013221736563,-0.7588039050134263
bHe2IXgA,-0.2533703925717182,-0.3376694244443321,-2.2000540087523763,2.1357315545369957,-0.66217097127819
BMyps8hr,-0.22398573380781048,-0.41770780742715274,-0.7651227426703162,-0.05251687978076092,-0.6384214410355504
BUHS4dQw,0.15974392155869258,0.22689555767558645,0.47180564028155736,2.7538770911560633,-0.8941092899695811
bWX3vUm5,-0.03554942652279765,-0.24931893267146066,0.2515782452992408,0.13146073962483484,-0.8104903102540426
BZB3EYWQ,-0.21701726501484195,-0.11968500456257303,0.20806494801206377,-0.44829468589701804,0.6701702324588972
c110Fdc8,-0.22728013098305463,-0.13298290424515713,0.16663369649995552,-0.3660859067890314,-0.14963242739768035
c32GUzMa,-0.42587714366058776,-0.04529629225269005,-1.4182612413427496,-0.19380490205409018,1.1202105443134336
C5gIfQbJ,-0.2707420957292351,-0.3941718214491381,-1.9946419727115217,0.8163450705556343,-0.8395957124213034
C5UPCZcL,2.908895475800129,-0.018403831772022983,1.5528079399390418,0.964099498305167,-0.8227927962326227
CDRuu4Pn,-0.531702713020248,-0.3149626416734215,0.32292969075638034,-0.769609333201025,1.1081719557240852
ceNvS3yd,-0.5186598674725241,-0.22841157615127727,-1.2338546401217645,-0.0799811182991661,-0.02014258977405703
ChnD1nrN,-0.43601904611393444,-0.32762230062778386,-1.6790462076472767,-0.6319843330647572,0.03983241143387417
ChQdtl4J,-0.6031985046988441,-0.674668225140497,-0.480117098127268,-0.7571270797975203,0.48700577715308313
cmwdt4Av,1.5969852565865792,0.10313548800970906,1.293446731664515,0.27288513463376063,-0.6806290952045835
cn4EHsup,-0.5426902869626163,-0.2420782494636775,-1.6786682938479789,-0.3092348475188018,-0.021075492904945037
CQhTYkqE,1.0501914366998917,-0.43632466753385657,0.6103644701564672,0.49458074663383655,-2.132999939502131
crVOGGTT,-0.32381540729763986,0.2893471013531119,0.11872769331080057,-0.5284534307265503,1.7803287947553166
CSEobMXv,-0.20983882699502007,-0.13411506841564247,-2.239938560947282,0.2184489620767991,-0.5462354742158801
csPEJ1E5,-0.4764666050778677,-0.09070937705925886,0.0876405911087641,-0.5445260244332175,-0.6398129776644943
cT6uU0B0,-0.46747932345060544,-0.06753939048846647,-1.108147838365996,-0.36829309783612274,0.7573372131354539
CvtbbIcq,0.8279056858197945,-0.07683829782124363,1.5964619528998565,-0.3160307063053196,0.5536465989133852
cWXCiFwh,-0.4991662939376221,-0.17316154932720806,-0.45621577666463686,-0.5539051886048227,-0.7012190180795166
Cxk06b77,-0.31385481731138626,-0.08646536246212477,0.15174224675160808,-0.12673438728457853,0.5293478509774125
CYMQE4x0,0.03992030207880275,0.5689930130020251,1.2220562457099486,-0.1019989389914926,1.0432905336855605
d0UrRtMk,-0.6589618996501946,-0.4381853542135765,-0.43067552287584654,-0.8169611715847722,1.5597772200234452
D3QD3ZEJ,-0.1274190146120203,-0.07545704148012433,0.8854144636704842,0.4112761214064804,-0.02044919737645401
d6LU4G4I,-0.5743903605240727,-0.2998617763323388,-1.9458838429849283,0.3819894149192251,-0.17299790756269218
d74T1DVv,-0.4978116392164798,-0.40301368902234813,-1.2122027115848386,1.0716411474450425,-1.421391786141701
D8J5C6lA,0.6469880457012506,0.42831255893636566,0.9520769171419925,0.3226867547332759,-0.6685850635550175
DCeQwYfT,-0.2614962908286232,0.013704883977904814,-0.20643366421336573,0.12858694397713322,-1.1840035479800441
DDEftkx3,-0.5168819818263303,-0.2135199543072055,-1.0020246242274897,-0.7227771396887519,0.9440699536770829
de43ycXY,-0.35311518210047105,0.3524083093134571,1.6539674550556338,-0.8630976520716658,0.1485685130154728
DEwCfeDW,-0.705913013807797,-0.1252111066851036,-0.9291801568060709,0.1782740266567444,0.9216128649221922
dfIn7m9z,-0.30123629526051815,-0.4428061005064343,-0.4058756743942258,-0.16258917320961785,-0.7541347986280904
dhmb9ZY9,3.546147911357886,-0.6124920109514029,1.5110653236689,1.096569002555988,-0.9334056382304858
DMkIV4oL,-0.3455544714041286,-0.3011523612449061,-0.7793870086807164,-0.5782755731297229,0.21309307132642274
dn8kCuyf,-0.4147535065637205,0.14609420002218698,-0.6939336272615737,-0.2622261935270771,1.2184981605932101
DnzGfbxS,-0.1955503899294909,-0.2849252156874833,-0.27931305273193807,0.13284304003995118,-0.45339183893529267
DoZxo6f6,-0.3708442995916675,-0.41891921007024635,-0.18447856287912323,-0.8991422868575327,0.5043501822746315
dpcquvWW,-0.38445894915881557,-0.27537097658293774,-0.06936601593156588,-0.3348784425210951,0.20336775347996294
dqcbIMyr,-0.4877907440266474,-0.4987045334609981,-1.2590635813274975,-0.7166922096002608,0.03927773619752983
dR6rM1tQ,-0.058793692434962866,-0.4537761806704772,0.6990501980503705,-0.10546090515841655,-1.33617345361208
drWgsBf5,-0.3027302344200327,0.01214754094601389,-0.37434625056698856,0.467678900497539,-0.6212015977308489
dUnlyhj7,0.560077409892647,-0.11033502094048586,0.9545988180923342,-0.5046550788365138,0.2558985425147533
dUNxOoqg,-0.48555819371594083,-0.7141625373360263,-1.214202971226202,-0.2352912907894833,-1.1527715364082702
dVDlnZQ6,-0.39508283049658616,-0.2754794667953071,-1.2686100670121068,-0.1231142221485797,-0.5813510448661852
DvhBPGIk,-0.340057440087755,-0.45403063085266027,-0.2954124352954768,-0.2624899301535706,-0.5013512699334548
dVT26GDu,-0.367031073414498,0.1315663129871858,-0.14715781850691378,-0.3415067553950948,1.2719059270747515
Dx7GoUcT,-0.6244979265975897,-0.30952285567852655,-0.4927613880790904,-0.6329920794855397,1.2033879312183693
dytx0HSe,-0.49858480256352916,-0.22635074448132642,-1.1332583968142007,-0.8292280483824115,1.0281048887281052
e4KkkIha,1.9352612435493053,0.3384791876806297,1.8640180832593938,-0.6695745498409096,-0.8965407746328289
E5hIjohO,0.5640740034916488,-0.329744704357811,0.07421065129415005,1.042826795681357,-1.1339571624758698
E6x4XGHt,-0.5247044623099401,0.14620627849856405,-0.7309725796545781,-0.36921104934796034,1.5100059374398391
e9YorH4m,-0.3209873349570143,-0.08030160028917877,1.3290213718049682,-0.9051217178825581,0.8341223433580147
eaIwb3rG,-0.04848343947412788,0.3156737745057647,0.36499439883198015,-0.16154317538117624,1.0800168777367638
eB9gVQ0R,-0.1678486936085629,0.05203470496874374,-0.6915676429089235,-0.6581623660503837,1.8566007166408802
EDEpAzh1,-0.5617527876538754,-0.4041529827290766,-0.6034120462319965,-0.47632426618834955,-1.0233571332083535
Ehw2Jz6s,-0.30694307106921365,-0.32041896475218223,-0.1218383680171673,-0.5452908403144292,-0.24520255812430847
EjqzC4zH,-0.677016020043182,-0.04382348154738125,-0.12680223800987456,-0.862584481429586,1.3625589340698774
EkMZO3Qj,-0.5302995339091604,0.042718664676637985,-0.27249491267605386,-0.7284704452731248,1.1413456965637145
eMhLFqU6,-0.4854537496128662,-0.33096362426929105,-1.515256570849603,-0.41393727763439614,0.39548187635037024
eMllg1qm,0.317041573074952,0.19284047350540945,0.8733308992256053,-0.021093522006104592,-0.6807770099386268
EnoNXWvU,-0.6218184650425075,0.35451396884584696,1.461670512362728,-0.967012580365882,0.3904937243895823
eNPunZ9i,-0.46120907314109566,-0.2481031843717325,-1.5848386746230307,0.28068283426868135,0.5317964680088174
Epv8ANwr,-0.22561976071746645,-0.18271999209443734,0.14342447358592203,0.49289119928156566,-0.44008920532732887
eS5BSM4J,-0.627103215847162,-0.27245508737084734,-0.014260132230335287,-0.7688155527188982,1.4062171057957151
ETGudkQt,-0.3525181122282866,0.0824996451147193,0.10362983303525475,-0.6099669983491012,1.0648162403776062
Etro9j0B,-0.39767897080519404,0.10278398347602646,0.14582473455220502,0.3360479959774594,0.3000346130574165
EUleKrLJ,1.8640993118511626,0.08432316164273956,1.6053583453575566,0.5904282163119561,-0.44469662789387954
eVGMFoOI,-0.388262007299574,-0.14980808682864577,0.8427046320855407,-0.8183757199007786,0.905242023705707
eyzw8Vis,-0.29988269453028465,0.02882452076576314,-1.0410568731226721,-0.5902635299853145,1.2604967902369957
f04Ke2bN,-0.3368682108243016,-0.05973216339313936,-0.5782101155397203,0.2097263800506326,0.047124189868466004
F3MIZj76,-0.2957016830004809,-0.3275112126766295,-0.6883382576488675,-0.13901849851341552,-1.1886829473315608
f4GA0te1,-0.32198594030185973,-0.44063911393547883,-0.39598809242693456,-0.600789415895143,-0.1894293940623335
f7bd91h5,-0.5385865851836803,-0.3264773818363871,0.2191745041941413,-0.6476550975212021,1.1696435730972574
favPNA2N,-0.3335219525260578,-0.023034615968729355,-1.4742094608425322,0.3140883696933443,0.9515506259575908
FaW764jk,-0.579126317073103,-0.01851933303348474,0.11312454040853304,-0.27127580149495856,0.5870608507429118
fB7z9ndr,-0.32581884335505557,0.06789993583063492,-0.3233061309554177,-0.6034630187327465,1.2771437926166094
FB8tU00K,-0.38636288303147964,-0.2465395827593717,-1.3207188568807187,0.4328183445282221,-0.7751086829740395
FeAbMXly,-0.4232614810117919,-0.32102604718145145,-1.3832742014260493,-0.6645722015082001,0.478627120561125
fEe7AWFA,-0.2568038405046971,-0.1611062119545501,1.0504899398733851,-0.23780619527584435,-1.2678342757299994
FeudaFXn,1.644494068284327,0.10125152734783782,2.4469730662019042,-0.8868050347618563,-1.4844351312404775
fJJIbgY9,0.6251601098178247,0.8646326475600539,1.3439375882556401,-0.7850063210466587,-0.9479026984409735
FldUmFeM,1.559948226081319,-0.03827112994710902,2.2655927631578816,-0.9555685738118527,0.31327692201912427
FLhxBGMK,0.0019742362124541123,-0.09275269318183987,0.672831252277204,-0.3956452351426023,-1.02001211839897
Fnv5tfAm,-0.27482289950652344,-0.4660149485998524,-0.03519143497885757,-0.09226410684137676,-1.1047008672704557
fQBURMvg,-0.2664388945152277,-0.11949753296810073,0.15754292056419494,-0.495303274527906,0.7255911499304624
FRreR8ka,-0.43723144830453237,-0.6701984823511999,-0.7144209949258329,-0.6096806240875239,0.35322298665223784
fS0HpOub,-0.3571625934498522,-0.19331789483382877,0.3419351675611306,-0.5174531380743801,0.6776221804319924
fTDXauuk,0.06329497704804103,0.07523389352084209,1.7974684273391386,-0.45872664441500177,-0.7158386152824256
FvrAd3Or,-0.4265429153967842,-0.10111454399427444,0.8798814137289792,-0.7281645420188951,0.8707578936354388
FXne4oAV,0.12989380656599128,-0.046074699329412994,0.7221925230512607,-0.22619672661809176,-0.8236457454659991
g3Fv0U4k,-0.2505627727100213,-0.2696495077243277,-1.4749627844670403,0.2710993748087631,-0.16580387315125122
G48zHffi,-0.1657245661600589,0.3148762451992546,1.9792541530629233,-0.7314086513478841,0.757754587551883
g5PKo2E2,0.7832754635401583,-0.11152549290725133,1.009699622928336,-0.15864228839833316,-1.1733032933590017
G76zCv5N,-0.321973888147467,-0.22666665390804397,0.03410033933334766,-0.2982372312189554,0.03628593976636907
G7JGUdNf,-0.10285343152665634,-0.30528883910389837,0.6537185882532395,-0.20912576133010674,-0.6308415747081177
gbjnD5fe,-0.3211453099109574,-0.4661006985597602,-0.17864169322422363,-0.6410879596446293,0.18557359566502996
GCo6MONx,0.8118246899129454,0.25299226724112245,1.2420938945350581,0.6109172435381325,-0.808609784751841
GE0vbpVQ,-0.29292671962738,0.18160443117724512,0.14191633556833771,-0.34593230603373826,1.2951211622511458
ge9zqXCv,-0.3956788666181557,-0.20494526441050098,0.03761272052520148,0.45074531501953885,-0.7629326619699874
geeqJpSE,-0.31742721039755445,-0.20344271308292505,-0.08155383003554739,-0.6741781395926054,0.6509442127570786
GemPjTJ9,-0.5269989944010055,-0.6900187586515791,-1.7464194708447867,-0.20887038533961544,-1.0254978670237485
GkLYRm1K,2.0032090450938607,0.14654207334117686,2.0042034371001574,-0.7186950640816221,-1.4521684936772523
GmlqP8eI,-0.3402143497859798,-0.4076507900708499,-0.5381563608827964,-0.5436193352206473,-0.34618487227644223
GN0DfOqt,-0.3367379093480421,0.0709987245582191,-0.14981731234945705,-0.4695188272944151,1.1528588043692274
GNsTAb1v,-0.612516986017147,-0.31373762293057794,-0.1702338724806527,-0.3613778104995262,-1.2261023556839952
GPwmO21z,-0.3385921030596682,-0.42429474355501284,-0.36959567928670545,0.07867069226725931,-0.7414351352527753
GqkIrOvf,-0.4282254977135627,-0.537958697756924,-0.9119228921472331,0.37548539007642745,-1.2593740975572452
gqy1J2RS,0.5651610348225938,-0.4091947482311049,0.26878060786668634,-0.016951670076160497,-1.422139979458823
GQYpfLoh,0.5788448608956921,-0.34526367026134963,-0.9484115606727546,0.3687570004008549,-1.4698865847150024
GR9knT8n,-0.3854506885183509,-0.14506809105020935,-1.8419538210288255,0.9511798722469749,-0.5773129813934226
grlUtS3H,-0.2745931147529928,-0.2242081998728942,0.26902739428714817,0.5280082760118958,-0.8255961786345303
gx965KYj,-0.07965647817331474,0.16479114351298207,0.07454202766927942,0.19536088267572183,0.01812323448566744
GXtFFbZy,0.024915141941319538,0.05264559119225609,0.43806209071249036,0.10490617159533855,-0.2529147368642022
GYvzvvFD,-0.500416261942466,-0.5289403483375033,-1.345230008327123,-0.7149111340999852,0.5463595744512553
H0fsegPi,-0.6148755656538812,-0.2890676343404017,-0.1632079297412492,-0.4430849782088089,0.2805943983093151
h3F08Vjm,-0.42949869231260035,-0.19510222598271199,0.050762084148685105,-0.6120102586009679,0.7446265719171627
H4dHpJjU,2.2979708922408615,0.08873540637889832,1.533750903518749,0.6594983918107928,-0.3932576396638048
H5QwJCuU,1.7651819788242693,1.2299689323581582,2.037159989083646,0.28730452090079694,-0.22185434176399
H5uwmSZ0,-0.47605430743779703,-0.16511630752481565,-0.5114543791320347,-0.682482477066479,1.1221907220823617
h6FQG8Iy,-0.06359374136216596,0.10060322537995248,0.794808349452067,-0.6454733957916332,1.2939458725976714
h7ftM8b3,1.631955417706997,0.3559985656438833,1.9373446042680467,-0.6188165931507328,-1.3137391728288073
H8MtbVoL,-0.3300440318983378,-0.25466472777495497,0.25001466784055815,-0.6127857843957472,-0.008407491097475628
H9JrUYnp,-0.40801406884277874,-0.5248996229993033,-0.5814114517103253,-0.3227485583629104,0.3982623593546144
HdKcxEWr,0.08156322898119887,0.6656279016961228,0.2996995195953769,0.35709673887962623,0.5636963610012593
HecW1iCC,-0.6087153174494772,-0.42524169810437584,-0.4537536496822572,-0.8458588466855517,-0.808033807799891
hf65yZkM,0.051842321200795835,0.05915049065609068,0.615340287824095,1.2190430315149925,-1.137046190593626
HHYmmHVk,-0.6565419478475795,-0.35823946959587616,-0.4702600956087526,-0.9312453206002473,1.483209634312427
HJ5U4uqL,-0.6220964838869586,-0.4243753286818652,-1.6227325839483928,-0.6647042369254095,-0.5039626874932743
hjuwe1x4,-0.3347000643481342,-0.5494845924613152,0.006305797524190027,-0.6647623502403448,0.5710880295900118
hLrCHXZv,-0.06746395011317093,-0.18070369558788357,0.7365685030111973,-0.025703158154065875,-0.4934450822439409
HNQxYc4w,-0.23721364278587184,-0.45335923976287873,-0.42493671425427415,-0.5409360721586935,-0.4020756397222591
HpbKB8rv,-0.49067544251015477,-0.673844020157933,-1.8347298321322132,1.2585441016249561,-0.7712889424293259
hQ6VBuFx,-0.17007256770997622,0.19313073667128933,-0.5703763800812585,-0.5007559397012855,1.6982566817786413
HQYhKHZ8,-0.46272911261079713,-0.20331844864356086,-0.3459343662884766,-0.32215114436481684,0.09241107536572812
HrkoYjCg,-0.03146715458329881,0.1977090490481963,0.025300424373083885,1.0232652474424313,-1.3329310957725262
HSCMx0MC,-0.33296571834335037,-0.2743194556596542,0.10993581687546161,-0.803397342940535,0.8852194471491224
HXYuE0fx,2.1514614976785267,-0.2912596186006091,1.3875789314839704,0.21090287035216448,-0.808192996542946
hyINlsFR,-0.294913854114673,0.2036910947272439,-1.2765969267386499,-0.022530502044411094,1.318493120297628
hYoR2y7w,-0.48882741322419015,-0.18995800753598147,0.1645873931858528,0.009001503657636079,-1.1627145749535863
i0Qlm9Bv,-0.2762671635271193,0.028935577055587913,0.6853241576748115,-0.5162189705283353,0.8628319605176351
i1VxfxMb,-0.40466928894415016,-0.03791597168944705,0.5193178066110686,-0.6094196696362459,1.013888685629265
i2l6jXNP,-0.5055824833048087,-0.2719402580323482,-1.1087746660817874,-0.2941761343353946,-0.12846452489074878
i4FgPZv7,-0.45504533669946406,-0.09066719354538932,-0.32571026354480814,-0.9602514941215858,1.03145501551435
I5P2uquT,-0.24569220007279088,0.08043269063184866,-0.3094175962592107,-0.2837815980237437,1.1753241600162276
i7XtIkSi,-0.2507458487448316,0.10043341938674288,-0.7059423092225661,-0.11266504076726136,0.3248670698248155
I94qkDM7,-0.5085579811945676,-0.4183199306635039,-1.7512933077559882,-0.9172769438677832,0.7646047523593573
I9sQbtt8,-0.30267637294330335,-0.20286803503492834,-1.300228121856323,1.9781815814490429,-0.6862021901962159
i9z346Ut,-0.18302127786613961,-0.1482486401282337,-0.2275530559003318,0.8121949857673272,-0.026615132208551273
Iaq3v0t3,1.2444792513274012,0.31199326330627386,1.9729041299192414,-0.9440124303605089,0.24593006082968927
IbVwu1t6,-0.3908031634554559,-0.297692868421084,-1.4093288457598891,-0.1283463714821309,-0.41176140133947925
IcHKTLyo,-0.015215462274519158,-0.11952895112242246,0.27409002952071937,0.23120458133056587,-0.9936025937277897
iDOat4cZ,1.7652833692392256,0.6282562913939067,2.159785168800168,-0.5133359398205002,-1.0423903056526775
ieTPaa3c,-0.33318895010751476,-0.21332082273781694,-0.8179555736569473,-0.09600962589407658,-0.17589244396922155
if7BmzU0,-0.385727870576099,-0.3004458825098233,-0.24600706749584056,-0.6209879005027332,0.6968871244934256
IFxgw6ZX,-0.41969150759893253,-0.24528788100630905,-0.40277857056935495,-0.4464021809171399,0.15248216947648174
ihNz5bmx,-0.27525471626383485,-0.24135773396207938,-0.5402233371426082,0.13061988036773897,-0.9477859708277698
ikJXKdIN,-0.49984138375546877,-0.49816720632495404,-1.9343766074372315,-0.8365859021359583,0.6641631810943203
iNv6RoSO,-0.2216982829762518,-0.023425457030473495,0.80255897381039,0.026859859964169175,-0.15832962573594855
IPPPSyoU,-0.39753610676385925,-0.3511253564856567,-1.0937524641399268,-0.26475210405529737,-1.0650929537497156
IpW80wVB,-0.2656729281523594,-0.20846580243867052,-0.29899407884693296,-0.22421611700607258,-0.5205499275999479
iq2kxikN,-0.1453156020960625,-0.4390844837589363,0.05790685422993924,-0.18847075476283948,-0.9438561791085682
IQOYQubU,1.5320726386713477,0.1773114466859873,1.4602010017372304,0.21399764826995948,-0.6381963146505747
iSL9NYzy,3.054955855876965,-0.4261633304458634,1.3665343376393349,1.6980661263674293,-0.7715737744802915
iSqVc1r8,-0.45455555615112125,0.5413969000901737,1.3940349958977531,-0.8131243004331381,0.2668342214546122
Itb0PYUV,1.559904403476517,0.1880038493991627,1.5203067405425923,1.1486245446713284,-0.7415555567350545
iuZEDJK7,-0.379093851523344,-0.21127213952147272,-0.13031186252055882,-0.5995638013464131,0.623800465020306
iyF8gVT7,-0.4015812592919655,-0.3030625600031023,-0.631372660313561,-0.7483856713406212,1.2258148223299052
IYNE2SxU,-0.5015152590468676,-0.2915114228135032,-0.22702194992098335,-0.23681629803737536,-0.7178901612624919
iYZMftt6,-0.49059016086633506,-0.17018873966023662,0.8421357092084332,-0.3882585207542988,-0.5913537381803486
IZRFk9kN,-0.19355908554811183,0.06844975107290097,0.10488387709096791,-0.15865059600806575,0.34920965423216543
j06qdQ0V,-0.30894898009649424,-0.1490940865087147,0.12825655032702166,-0.18069042340172103,0.10457574133570446
j7hl8svO,-0.421757307944255,-0.45737786249171464,-0.38477503130991586,-0.3372166306976041,-0.6745968535197768
J8fpSwS0,-0.3136940134553848,-0.3336656745495681,0.340455483228423,-0.8262157313260658,0.8263498784034731
j8hMoJUN,-0.4161529588579023,-0.49535522371568064,-2.8257820101360966,-0.6479409217876864,-0.1624848452212042
JcE9G92B,-0.13028256151879045,0.37890755779792684,0.043497837567541,0.5431128712007549,0.14175396780401783
JE1SlbD0,0.5374429569651665,0.40161696040288675,1.0170406320434022,1.9201782958589675,-1.4147393000294848
JEB4McNb,1.099255327059589,-0.2546244776430946,1.4599723790220747,-0.08201676168615535,-0.9682132342078127
JEE4QVeQ,-0.24436702163546062,-0.39452473087201057,-0.32151191287948855,-0.5071266178824416,-0.8126190133844808
JJSEU2VQ,-0.42807645098945685,-0.16935352146262872,-0.4646830522708587,-0.6107316669190013,0.6283471305322585
jNaFasbV,-0.505056448892447,-0.36581211508834954,-1.1345416860986024,0.2194291461246749,-1.4071234881267607
JnNYpXHr,0.1366831578889082,0.4385634571563308,-0.019349710479220406,1.6259230824339639,-1.2273608481792486
JSsVriP2,-0.36207368588495165,-0.148446686503096,1.2713726461895458,-0.6098998151250825,0.3575155200122957
juO5ii5l,-0.3118556418832186,0.23445369796084137,0.21490965988675548,-0.6220837799096088,0.7806919770627267
JUvQNiOK,0.03767741264537554,-0.0746290767556026,0.07371864826381902,-0.15295635049820788,0.38187696147715755
jVVHeYHT,-0.6530143988320246,-0.05446354868852055,0.03693982074105229,-0.6178498308749667,1.2825545462582362
jXm4ySvK,-0.2851019860152842,-0.2159969936610402,-0.0913293621458724,-0.4407632815322913,0.382114283680405
JZbrRtm2,-0.4112264440511369,0.24304970947835258,1.6715158443114415,-0.8789235567637306,0.23973183756779903
JzpbnOtz,-0.3372593615183353,-0.017540033601992633,-0.8552176402801042,-0.6558021017344444,0.7224421120444298
JzzUhPQp,2.0143768642322413,0.4563557877691231,1.9754698788584033,-0.5452685362260681,-1.3507367442399278
K05R8dQK,-0.264464617323974,-0.08159168499421199,-0.6510842014046165,0.5336533684685847,-1.3717871127629202
K17pG2mG,-0.2478296941188228,-0.14240199556204303,0.8026259879969739,-0.6829827517567182,0.3468481639100922
k2hdEBsU,-0.6278794344797461,-0.2613086407627385,-0.5216960644157798,-0.8269141196305654,1.5267420509334464
k3ynMfhN,0.4576077171653216,0.19333071205712926,1.2153825464972652,-0.29781283284997784,0.6159320899259022
K8BellUe,-0.04375837730269312,-0.5580576770089216,0.7109757804560086,-0.46939562188932626,-1.6031480794282267
k9C9yBtr,0.05188145565872075,-0.14545078840362535,0.488318962821948,0.26514535666368744,-0.7717191274278754
kAKRvcRo,-0.273106814095002,-0.33996099442717664,-1.1640277550249056,-0.14288276159910396,-0.8924350066427884
kaW0TfRn,-0.31096323875398874,-0.49499002924219226,-0.3849417323010602,-0.49847767337220006,-0.3139031213378054
kBi3R2oC,-0.14769498477943496,-0.11852938548051739,-0.09273724461559318,-0.2200549026719827,0.10129405695070304
kDWmnsXe,-0.12856379204702204,-0.4960943448467994,1.292049087045596,-0.5723718934659345,0.06591383280820295
KJ2eH6rr,-0.2146875993973497,-0.46441313237935233,0.7452885982640378,-0.555883183992556,-1.7625224976564802
KJEJ6Glk,0.49770481065830147,0.1452741320163362,1.0129560605745365,1.3530849389076494,-1.543029209531685
KmbAyTcE,-0.15888717919724601,0.16186380806996326,0.5605817568350613,-0.23616195489190517,0.3782139840240255
kmg3SowO,-0.346081324504008,-0.07817729416180796,-1.4116041936164283,0.5197809037963808,-0.4406824238904825
KnNyl3rV,-0.08790914480167318,0.07875998104375626,1.357704938891514,-0.48195748672602434,1.1323927111351644
Kp2DG8TZ,-0.5103100465970117,-0.22800308776547595,-0.14469849290185444,-0.6017062644809457,1.252529507963029
kpxKSlnF,2.800353908339438,0.5610535365240388,1.8108441306576406,0.4571746790411808,0.14859648451956886
KqQtKWs5,-0.47568711402359704,-0.5219877091285277,-1.4913956386847094,-0.5511589647612354,0.2690954004482613
KSbO0oXS,0.5753709335108071,0.23862571430347757,-0.23058935571282468,2.875654462423462,-1.71321984878168
kSGBd2Vh,-0.38736728254442326,-0.23788115247495867,-0.03048859545970295,-0.5840538679767278,0.6426297644537975
kT0miHPT,-0.23674894436449864,-0.13543244822628608,0.31286037671634226,-0.35175933348951816,-0.009122343179203796
Ku27g63R,2.4299447419620264,0.5571600963112608,2.124313750378347,-0.621535618156905,-0.6392170180716654
ku2cn1MV,0.37476595554591213,0.381987050205705,1.6052342371690411,-0.22093307417750196,0.6328711552013395
KXtvmd01,-0.31451914023888655,-0.1740691631139022,0.15790652625730495,-0.4773058156065062,0.3883544636700229
KYiJqBuJ,-0.0401539722570506,-0.4413822919713972,0.9029551705037857,-0.7024531303345256,-0.8286243723415261
l1su5HU9,-0.37096090349758587,0.10056024926873519,-0.32664019036838177,-0.3095283099600792,0.9031089328927031
L2aTVqDq,-0.3522923779255956,-0.2640865342554868,-1.5748779146265424,0.8868682483571675,-0.9316791497204555
L5jvq6G4,-0.450361758822671,-0.4254670388590718,-1.3245502443509185,-0.6419247342655225,0.6489513822943103
l8Tg2RvD,-0.6993036647325722,0.11122542611795083,0.5315096442332088,-0.6537299617097787,1.2249499532880712
L91hYVQl,-0.35382632548856435,-0.6514709923621673,-1.5450423706098508,-0.7127437371095411,0.23736604055366328
La2Vhnne,0.13156739038059176,0.20515316798721628,-0.4902156852981552,1.4323367962602234,-0.4459595469580542
LaUWSq9B,-0.09741708359416863,-0.4260834247206482,0.15941723855803325,0.021792937247518296,-0.7272317188145259
lB6NsVOc,-0.31780369026063454,-0.2805367624104953,-0.00594209511757704,-0.5070501018639888,0.7722882948436585
lcOnCdZi,-0.20734454547337097,0.2286495783619351,1.030310105296392,-0.7284370279198455,-0.22308625455852749
le9YGwON,-0.11734308214780638,0.3411514146455623,0.758292668689931,-0.15717534715755477,0.5701397352949265
lEcdVyKk,-0.4074283712675056,-0.202160151872679,-0.5773832662303011,-0.5329961984566225,0.40729795419965953
lH4TasGl,-0.06450169455272865,0.011181035703909714,1.3615428326060037,-0.6132357555506687,-0.4535671176036864
LINAMlbA,-0.40918641556672647,-0.3133945881154183,-1.4698415881822502,-0.08658442806423494,0.7169246449338083
LJoUNXSx,-0.22669474287956834,-0.31807470747387256,-1.790588901460639,0.14536672034504505,-0.4959249689601144
Lk4SfkPQ,-0.603194638734705,-0.07331617557881387,-0.41433938105325474,-0.4019727364570471,-0.4554910758234634
LllC836d,-0.20766946192086042,0.08557628056680855,-0.13117346873196034,0.625289341128827,-0.13865329174231888
llMvu3TX,1.8895744794407885,0.03218736725014182,2.0182138679296013,-1.1813184081479093,-0.4493115493661186
LLtSiyWD,-0.2989862773288317,-0.20131228508487098,0.22137167826428872,-0.36003331154594065,-0.29318744599376956
lnHh2jFO,-0.45905446516616216,0.24259538025492233,1.6833110299022547,-0.8400207582921766,0.35470573737429945
lO9aggHW,-0.16976644604986876,-0.0910317280877031,-0.3528330286330874,0.2485401721919871,0.11871542227882159
LQJtV8kn,-0.03927464208109706,-0.31639608171915157,1.110256124371288,-0.2909721436735353,-0.9612568128378349
LuGiGeWN,-0.34495811324560016,-0.20341799634750046,-1.3338588496990287,-0.6532185049277004,0.9283756304647817
lW3m9Vzu,-0.49907780544027475,-0.0931342010635241,-0.3681280703106058,-0.10167349209719845,0.1807115199334497
LW9uddw7,-0.41639291791080574,-0.472220931526838,-1.0050765141264737,0.8776870380711799,-1.080011514477608
lYLseGDP,0.12048931969399616,0.3789320257192479,0.740542230996196,-0.29536208340046954,0.4473503796233693
LZ6sdBTR,0.4607136325418834,0.9517569921545395,1.3306106352989655,-0.014406502917118758,-0.8898932226676131
LzcyHcWa,-0.4260752758176359,-0.09469651965170911,-0.8670974476673354,-0.5037486229834585,0.5390112430485736
m07CVXd4,-0.39049212627433466,-0.32583388066720786,0.182087168548831,-0.7385350517588094,1.3884428695672817
m1lPk91z,-0.3244380884214589,-0.16101912867904744,1.0041488233177898,-0.6423309975479796,1.2894272171050964
M7veP0H4,-0.6459741730457843,-0.3965002674912945,-1.1019239158983982,-0.4565275245494931,0.7145482163467953
m9IQdmwa,-0.3320948050810704,-0.10890768833903408,0.28291574520437557,-0.5310039425466684,0.6948381934543271
MB8aaJUc,-0.4532916307466502,-0.18143087078985687,-1.8800488927254282,0.6070685916711582,0.2685983744667304
mbzNdxNc,-0.32898513651920475,-0.10240648561827825,-0.31096017279492294,0.2687006539645509,-0.5944450300104087
Mdgy4SsO,0.4508932239950733,-0.1404449212159058,-0.8861613803711084,1.6140580110450529,-0.980834710457291
MDpe2zuy,-0.36937263641141677,-0.2939194110049108,-0.23172203894103127,-0.4771286299587345,-0.8262344518553597
MEzdmEIU,-0.280257580218152,-0.18080660648499602,0.11984771160120822,-0.46600444375732053,-0.07632296102756086
mG9BRy5x,-0.5697741494217011,-0.10484239280683383,-0.5270277870311038,-0.22368813073486393,0.06891198386975006
Mj8awnzy,-0.37498010158302325,-0.19822464080514024,0.3972413898975429,-0.6077775990629206,1.3778656757330303
mntH7g3L,-0.524069144540365,0.49396304131280644,1.3214273736388105,-0.9692907344460409,0.6022778649329688
MpFPbUJy,2.1541475560617385,-0.03009420302348431,1.6824975069864063,1.0153394121858028,-1.024719059720244
Mqk7MFBM,-0.3450545211312908,0.13942063111519687,0.19985855705317412,-0.6084744556669293,1.1416236564381528
Mqs2t1Eo,-0.5471780489191632,-0.2877887417080025,-0.4597403608432291,-0.03436510176648966,-0.8588154129866759
msRTXP3H,-0.24936447374050683,-0.09829644972976226,0.28459288761837165,-0.29352187026412224,0.27453500971014577
Mv3jFVxp,-0.3043667024033217,-0.13283676245461962,0.6869513604183322,-0.06381065646242945,0.061039935017017655
mVHXnama,-0.45300611282787934,-0.5528315422024868,-1.9170877970120745,-0.3533449835280962,-1.0513999693413076
MVnhtivm,-0.3272532779944091,-0.4249081941370356,-0.07734398648926977,-0.10259922692008416,-0.5973694005316226
mxBjvIPR,-0.3420474016403943,-0.0629357329280289,-0.07527860527125263,-0.3998117293326331,0.4459606608324087
MxODTXvA,0.04931184982188379,0.06008950229900378,0.6265385210260757,0.022309823537888462,-1.0437052869038759
mXyrR6nU,-0.5477783952514473,0.14701029970185786,-1.2067602021718375,-0.3795182417765872,1.7491182212033003
MYU7WDis,-0.4191075822941018,0.14718863365217416,0.3970248426704739,-0.7805435864292676,1.0792826911855649
MZFqh6yw,1.603729205802455,0.3595041707021913,2.4853370473362,-0.4986664174925508,0.396081779683211
N46PbpPM,-0.22839420558600806,-0.15595999834565433,0.44233481682374354,-0.5985934913432729,1.043094012014901
N5S5F9Gk,-0.5172255281722334,-0.348226530683835,-1.6278434599344127,-0.7778478883537545,0.9343053899828213
n8Opmfbz,1.8756882177577299,0.3364992361521466,2.7141066936495672,-0.5678738639362209,-0.13637160028892836
NaJo7C6o,0.41743431265778014,0.2194855263433304,1.4381501265391972,0.15824069380872885,0.6950424620480611
NgsyGkrO,0.15365554491759373,-0.007891636508222888,1.5357515821603993,0.5691796323408553,-1.339604534436237
nhttf7VM,-0.031293249636059686,0.1978488111572254,0.5973838224074353,0.01157881157545404,0.5258556569332562
njLbXYa3,-0.37418471386419455,-0.31828646139817707,0.3053280518411139,-0.5048217660136842,-0.258615768583784
NjOx4Zpo,-0.3704750059677964,-0.3042702005013531,-1.0881790877273279,0.7058051533581775,-1.5011637892567684
NLDg5fqw,0.3670239868224096,0.33755002841010295,0.5815896230502613,-0.009743795710129177,0.20564347355857748
NmQoI7x0,2.8917673471822716,-0.04444509170477673,1.853354590089678,-0.5668149745606215,0.3788501112557263
No4wkdLS,-0.5419970934324697,-0.344987654679219,-2.404829139205619,-0.6892463455510196,-0.02298369571335357
NOho2ZiM,1.793725856743753,-0.2691927881141716,1.4877148058028506,0.4352124131124029,-0.8140139649004574
nOkgU29Q,-0.45013595585732574,-0.642449086591089,-1.6958636587008886,-0.11293532463010791,-1.5758440379396212
NouMwhOf,-0.2717390575402097,-0.008933227746613426,1.0509203536481646,-0.24711463216541318,-0.5724634624694751
NUuY7PFU,1.9616432818131684,0.11820718553556375,1.5721864433248793,1.25135463573546,-1.0720835555876853
NV1e8AEO,-0.29174112842512395,-0.10693497679037378,0.1300908518181796,-0.5610011532471262,0.6795241525559526
nwkIpzmh,0.47002729438824303,0.2759132305045817,1.3195646558813205,-0.25552391900733795,0.7021372754860771
nzB1R9Zg,-0.29007453427123636,0.1121586839408586,1.3859825400128312,-0.7658753490599892,0.32127689277504246
NZLXROKC,0.1525187692442417,-0.2962245829321297,-0.6414001234639972,0.7367132200275037,-1.3877181447006457
o1rZRI84,-0.4455807443199285,-0.22202212395766097,-0.6841136145206423,-0.48336218863638436,-0.606443484282952
O6YAWd8C,-0.09093695911867046,-0.5722694350524513,0.5458984003090546,-0.3605361511972305,-0.8213171085099908
o7q5Mbty,-0.23960838456746156,-0.16058048844840656,0.7629428436902099,-0.03851413830758332,-1.3171780340727288
OAXVphSh,2.0532822371191677,0.12092703030523566,2.6628878193940846,-0.46370547204511325,0.9385673769264962
ob5Kb6dW,-0.49016690657295797,-0.2236098479415638,-0.7822797057245925,-0.5723154195570359,0.6176676573958524
obnzqs79,-0.5036520369982137,-0.5504939585016224,-1.547013727268224,-0.565561184176623,-0.07692042258358711
OcBFW1AX,-0.45544276673495304,-0.3208604312503418,-2.094770410088474,-0.23440385373984185,0.9769817510713459
oCBvysqB,-0.5905405156905369,-0.29830084132752077,-0.6557772406388285,-0.5929843822604752,-0.47099905156764876
oDmycTPH,-0.5425658371354093,-0.5874670822713348,-1.4471959400359555,-0.8246216194897542,0.9650703112437462
Of9V2rpt,-0.16229768187587953,-0.18291910010609413,-0.1396856841893186,-0.06214702621897317,-0.8834489932379235
oFAXZvQv,-0.375371063695257,-0.23587057030360725,-0.2621162369326857,-0.22303309625291234,-0.4722001665723816
OfLxPhbG,-0.18987116683505487,0.28501059102293524,0.11179353282011384,0.039403856597836295,1.215758599826497
oHE3M1zX,-0.3370568238349994,0.07002028206718691,-0.5077011005734011,0.9801877494401552,-0.35662512661665247
OJBBhb6Q,-0.5890227259909638,-0.6764640258870465,-1.1699989727669635,-0.9402198755496656,1.1575640216996383
Ojx2vi48,-0.5082046443419858,-0.5186967249910346,-2.166303079281649,-0.6900906485015739,0.38682021662853217
oMhVmSpV,-0.2561573710349508,-0.38171743680956993,-0.09718302594353823,-0.5391716229964558,-1.1277704032200724
oncLcgRP,-0.23259203203310594,-0.27688514450435164,-0.19820249583790606,0.06760050633423731,-0.45810135578549094
oNsDqVbi,0.17923744292627877,0.6714532903124812,1.2534040824857566,-0.6079846977949828,-0.6317836378912922
ooWVYaAe,-0.39004527405816397,-0.2602630623377742,-1.5015749912125802,0.6057593343153158,-0.7161164006393825
osdyOUnV,-0.44131142735974344,-0.3961577473810145,-1.4261780971509115,0.19998613023702916,0.10224309230934736
OSIQXImL,0.6104005190303367,-0.5377155923879151,0.5398873438978722,0.1543991518856629,-1.2661281540495999
OUUFc5Zz,-0.4008952949696299,-0.2535735868213784,0.1169042550681052,-0.7812710086536399,1.0521193080202487
OVk1lquT,-0.18362294511993812,0.3605405697826676,0.1805368003781478,1.6620631303040128,0.7801344683629416
OXdRxjzz,-0.28151922019964687,-0.13791826275789631,-0.8848914599869904,0.13498937325133653,-0.5713140370263297
OXxW2ekf,-0.2929619712596981,-0.3821016989031456,-1.7020109339068785,-0.23855282669588718,-0.7102788787743499
OXz5OpqR,-0.3930664243996103,0.02451803384158424,0.4892555778072829,-0.5204587286698015,0.6302424556050958
oYAJqQk8,-0.451689427948097,-0.5755396252525067,-0.910371774748798,-0.6194957893648834,0.4639909130236468
P3M32iuT,-0.48133059984314613,-0.808140092040933,-1.3182789638003687,-0.7075382126303893,0.13329928160228732
p7H9CzCv,-0.6930959843474535,-0.730081966898954,-1.9894982456798989,-0.027851498851724443,-0.8445191763949857
P7olVzrO,-0.48490140001250076,-0.24316995258320517,-0.39303613286654304,-0.5846602279084081,0.4514161195601467
p7U9hVhY,-0.33673755385259746,-0.07492103327510691,-0.6586520600476451,-0.2858484371108361,0.024247123545048765
PAPHErnv,-0.476571591338447,-0.2643434763876691,-0.9399851572025018,-0.08277192585543247,-0.6017664463944108
pavfp3cc,0.12222331575727934,-0.337841140623798,0.3907722918554537,0.010964309939062389,-0.5573433708851532
PBjEtfXb,-0.22174148321423512,-0.17310098029790666,-0.19763297003135172,-0.3639563053243009,0.36453370357585513
pbQdC5L3,-0.5310194213178422,-0.5887037391357559,-0.6042551784249799,-0.7322314746483798,0.5357723641499454
Pc2RrxXS,-0.4259737136370619,-0.2135721759486593,0.5656055786721463,-0.5358140198167902,-0.26518415214568236
PcHQ4FOu,-0.47755110356256,-0.2845360220571571,-0.6966139851406314,-0.3842428109751026,-0.07954273139703005
pE6Cf1RV,-0.26021151491431344,-0.07471970908315839,-0.2179364779726729,-0.5911428946028181,0.6955664709238611
PeNyTOVN,-0.28033504077484445,0.26100908962055414,-0.2771447579979185,-0.08783896577457284,0.7182744331020352
pgj7aAFP,-0.27184091740802924,-0.2327100559968791,0.20062995477564805,-0.1448875813211643,-0.01298402376969321
PhUPSU53,-0.5427811042987406,-0.1427774960002104,-0.34304176363059646,-0.3408067868558291,-0.08298178882077778
pI7qzotI,-0.29098870797149573,0.06761422939691997,-0.6889393160051913,0.14329642259102826,-0.5926187614423704
pJrIA4sk,-0.3129644206475662,-0.2410963772244692,0.1722388067867069,-0.4951625893640639,-0.23631947122166608
PmUNeV2O,-0.6415350197394721,-0.4912072859160368,-2.7311240449421366,-0.6535155150054024,-0.1356392991857298
PoDJ0uvK,1.364376638646593,0.9610848449038052,1.86494284038133,-0.766457502770173,-0.21752146425942342
PsUJdJdg,-0.10687662734529597,0.29563959493046,-0.31751072932286384,0.5548557727707149,0.335533579980531
pxg8G3ed,-0.27042763061069547,-0.09668491591853368,-1.1786010254710408,-0.5773337565128358,1.4026282566809662
pXne2CLZ,-0.32220445575061923,-0.24984769132877105,-2.0465519885141834,0.9694538846866081,-1.2856383552772037
PZGpoBBj,1.5654172337153827,0.052558126440114705,2.0930034903987558,-0.6387115938823271,-0.949047767835598
pZMcDIOS,-0.4327844567980051,-0.1712412454080301,0.02282236769531032,-0.6018382880033286,0.822689272610571
q36Npk6l,-0.5237430043589205,-0.3665317327713389,-1.341714440622015,-0.958784314392652,1.1291927125274945
Q3xLFx1f,-0.32726829469668545,-0.3848151627580343,-0.2908065709233387,-0.2280135854802765,-0.7496756258061374
q4aDOVvq,0.8050722153084043,-0.03695778259222848,0.2701522831525818,0.6273873603209168,-1.5735151341251346
qa0etnhK,-0.0933817455145421,-0.3681736652115184,0.13975647607543173,0.1363278515164339,-0.5576288306311632
QBGxCvdM,-0.20800089807255215,-0.34210098915989207,0.41167945956226326,-0.31999647538756193,-0.630887733919824
qbL4sboq,-0.823498325923716,-0.3548317456070187,-1.300137057833469,-0.520060967524806,0.815122971103758
qbYrsWHq,0.4714165148484332,0.4598583925663,2.1794320426462246,-0.19797362420191433,-0.08641485117559355
QCEPyu6L,-0.4333827648245437,-0.40445897816877974,-1.2007555421989782,0.10309459864314618,-1.1815855409587108
QEfwec4s,3.2862457447564437,0.0055922029560200315,1.5736040900188737,1.7523941241943604,-0.611378122032054
qGmfR9CN,-0.36148156050421726,-0.5280395487033935,-0.8462921070714646,0.3004222011327684,-0.9502755706708719
qJ51ODpA,-0.3637431884304854,-0.04799884752262429,-1.1376454342380402,0.6662781117707155,-0.045061920331225025
QlyGN9jv,-0.30631359517994433,-0.24553481486961815,-0.9730004919294988,-0.14544106235094745,-0.3365186970587253
QqgWE1ny,-0.3752242076846604,-0.3071387340287153,0.05196145201489166,-0.0008700631883229448,-0.6717000402787541
qQX3cs3I,-0.4593610364512331,-0.08925998173524263,0.1721910038021388,-0.7498094358370153,0.6852209908173812
QrjjBpZd,-0.20274557306413374,-0.23223103479628904,-2.728245272392998,0.6035889801087606,-0.73410502671695
QsaBiX7V,-0.47564497991122906,-0.3165098534782125,-0.09978933152581426,-0.1758055964341665,-0.5424789621793913
QtBKJuZk,-0.45690018201286137,-0.005162668382556745,-0.41131074324914785,-0.23021055807335955,1.2953282799170687
QtPRO8OJ,-0.5609648894639024,-0.06319050661565839,-0.9700008378401908,-0.6868852263841845,0.5354436314209146
qXeIxPb8,-0.3640260445040205,0.010329549330915455,-0.4575826804467642,-0.3057685815442355,0.6143443920481353
qYQ4MShM,0.10203995741321618,-0.26773596114341913,-0.023586938564337245,0.5619849251006954,-1.0131591540831302
QZ87Nnr3,-0.7225387347736542,-0.5626077147635193,-1.3403126318182803,-0.7126178836460539,0.8135698162785978
r1zmcUqQ,0.5544380075029002,-0.2961654127802582,0.5730398546471616,-0.505120251242225,-1.239966722729239
r54iHeQC,-0.28601818859842926,-0.11327728223566069,-0.1979895524649482,-0.5154552419785077,0.5790945826010123
r6xrAnQV,3.5023963823972664,0.27467377270570736,2.168574706071011,-0.6703684465914748,0.12861070269891783
R8XcsFnp,-0.21815288282898102,-0.1444483411350781,-1.3391208910783252,-0.7699856096309858,1.3474168862466307
r9HxnQDg,-0.2492177768042426,0.10668130088836492,0.9536909199942993,-0.1757360695109682,1.0144169008634911
rapmok0w,-0.551097111552887,-0.3628943794928752,-1.9178301718504844,-0.06531903626451907,0.09328792109036144
Rc4UK7fT,-0.5512261439264284,-0.39650289347716594,-1.228440283413649,-0.5858943256816573,0.7623883029754346
RcKBKh6B,-0.43287083553717537,0.06353598736953003,-0.23718138331367022,-0.34241658305833056,0.9406056057177032
ReM5kDa5,-0.13206769584339692,-0.08611576543714605,0.23133850958106272,-0.02803866705604463,-0.6755693557880456
RfntsotG,-0.3555835398973613,-0.04241391083357726,0.21087314657972733,-0.6803131604796917,0.7585307956832388
rG8Puuf9,0.6905270250966294,0.25652662623999944,1.0252395189980898,0.4589157154473824,-0.9468518486120026
rGuiefuR,-0.27515104316491673,-0.27496375533607775,-0.6639995215118706,0.020433636265387634,-1.470400501935817
rgzfnPVu,-0.33931906413511875,0.04422701664136852,0.44344314315230626,-0.7180314035812998,0.9765365228430731
ri4qhb1S,-0.47179027844791094,-0.08601873709173802,-1.4006002099442885,-0.34932892822458683,1.3251127960501456
Rik83O3m,-0.445048756403367,-0.15903587787486018,0.02798820299301319,-0.30080473976519073,-0.2584607387890152
RiXMlzXD,-0.27092809244390154,-0.22004479663971566,0.4793907000887412,-0.3597706645923253,-0.40554606009945715
rJ19OhGP,-0.4525548114134242,-0.04397111715931956,-0.5193899541366154,-0.6470777555564027,0.9117038738967516
rOCYepHd,-0.06989140340384077,0.10293363333314787,0.5977625862983569,-0.5186468590449849,0.8027720342996894
rQhZtZeh,-0.15475395834582759,-0.11662323581274237,0.01663669848892191,-0.6685969102363387,0.932532183804053
rQJaOPFI,0.0865026500147094,-0.21800859316769916,1.866773594746176,-0.4815607041332086,0.30879686079051893
rqpFYzff,-0.6637420283399736,-0.29662649915096395,-0.35832064702299427,-0.46869579781738224,0.1104134356627604
RROfRt9z,-0.15281053636807815,-0.03478264655402441,1.0012168896439544,0.19036676002955488,-1.1747210260146836
rrs22coX,-0.28541252293523517,0.04877461062372035,-0.011652030069514652,-0.36189829220253245,0.8437821668047967
RTcbiDGq,-0.32392812475866123,-0.25543799248859855,-0.043714642256192704,-0.3670171695002509,-0.11292822836557903
RVidM9g0,-0.21776003119697637,0.019994849862111863,1.684934477629552,-0.7177931110272411,0.8209912951096179
RZnQSH19,-0.43912898133270956,-0.031805802599567556,-0.13061941995386128,-0.6256751182786147,1.0638544596912674
S3PCzDzO,-0.3470209383585688,0.00013346985090478825,0.3930397147207696,-0.7142810524641945,0.7746327507010413
S77BviOJ,-0.4921792306561988,-0.22651461877191892,-0.584931450169849,-0.36159016885400064,0.043092237425209845
Sa93dGqq,-0.4843896753152515,-0.15710225442760262,-1.492830167786794,0.32646497935460417,0.7620037064188203
scVUfTKI,0.7081786287832083,0.514991386830868,-0.11070280974456814,1.9857165344952037,-1.2783303555553154
SDdvtktF,-0.3153954506265398,-0.38802585593200334,-0.1642666927389218,-0.31393364849187577,-0.8515419465439642
sEeUCQLc,-0.5520055981596853,-0.0868896086348947,-0.9227348082849876,-0.4521636813446648,0.36170497079174524
seRaGeVv,-0.48740631984808985,0.18246578985329265,-0.39351978604077154,-0.25923371613358626,1.2833779111805619
sgtwiYWi,-0.3828435646709463,-0.3685212471582169,-1.2813949219270189,-0.2653883540601427,-0.6253094251861491
SHs1AyfM,-0.43717927670903706,0.2685362376260194,-0.06555921381061758,-0.1378525552108485,1.46187943901705
sHScwqQl,-0.3340555753486734,-0.23678732951791304,-0.38326463654641607,-0.9509736134736713,1.6186026573631374
sjmLHcT6,-0.4905200295067958,-0.5750457547719385,-1.064698797126086,-0.6057504684281056,0.3027781997242549
skZUZZGS,-0.5902782481264724,-0.5156962398386646,-0.3314347413152081,-0.6202223100398996,0.511466814827056
sNC7DiAt,-0.7171579853730276,-0.509606061631505,-0.3289196904105456,-0.590527850936688,1.1099245120439285
sNK2TSs3,-0.364081453599249,0.15530989544552298,-0.17624452269433455,-0.5165033389475511,0.5703624571960084
SO4zQy9k,-0.36528295165049635,-0.24056659254617685,-0.2823912147036953,-0.3623089472475485,0.1123950695781808
sO7Su6uw,-0.5704490679849107,-0.6198977830253831,-1.9066280244370564,-0.4685324524638972,-0.013699079649175161
SonIG72a,-0.36960733049660416,-0.11819785646637015,-1.1833779835465084,0.11176954981468867,-0.23136941664424526
SOOBCoiG,-0.22276900216374038,-0.16747827356718759,0.15035145108731562,-0.4653020464529263,0.7088865299409939
sOWZx89o,-0.4599209441471968,-0.32802035508118266,-1.289872006053658,-0.6559938290337968,0.6884026152801219
sPbRcPjC,0.0020967766979994983,0.10212096019406758,0.8588413894231035,0.2681518997365302,-1.3029682850593396
suAmzADX,-0.09811015181208001,-0.5269758064159511,-1.7438829494688566,1.753819076487197,-0.9481606724149039
Suf6hIBc,-0.2708245939290506,-0.0051214181794172475,-0.16319302259853607,-0.42316594759446247,0.6252152014402803
Sx2JeSRz,0.08847406433638609,-0.004484587180716204,0.14308615785011902,0.426921288800294,-0.9671583845339207
SXkkPB7A,-0.25757707341012065,0.10939678684101395,0.11741176441580414,-0.47221531969167785,0.8739770826940934
T1Tlftr4,-0.14727125210706457,-0.253116758943154,-0.002871665626686948,-0.7468468452743409,1.0139242848507841
t4GWLqlO,0.5194278211198101,0.04622763852696821,0.6284154765643262,-0.3257468263454584,0.4610087859745384
t7gy6Jyy,0.3355613160189547,-0.16726520058816519,1.9852465453133146,-1.0116892764781014,0.7057312557425597
T7ulR4ci,-0.46751406985861493,-0.3831611428604198,0.16139422258140534,-0.7735847966400442,1.1272934734951399
TA1NB3Br,-0.27803944228862637,-0.07679385112439618,0.14310617210207788,-0.4074517021253641,0.3491739742729827
tBadzH60,1.709437032503652,0.20325307809164528,1.9901301348862699,-0.6006466440116682,-0.7606890565458322
te6UPPxf,-0.5357195572941814,-0.5734260653361822,-0.504594897982658,-0.4704957145972557,-1.0095504469319145
TFZUskaK,-0.04701935921412799,-0.4337727792871853,0.14812150827316195,-0.1711929600537232,-1.049349355373213
ti2lamkL,-0.0003652392002747185,0.23947888819114027,0.41507884275608653,-0.1781310856153695,0.6890957752420057
TNL8HGWZ,-0.16407861877513294,-0.3234948796716459,0.2885981247823093,-0.3419933842819418,-0.8220562683837649
TqhRvkJJ,2.3550118759855727,-0.32900342741502087,1.4987854455330858,-0.5893634880080398,0.5346252592443328
tr0lpwuU,-0.6463566660890608,-0.45824210176849434,-1.686992145360536,2.3598597054688426,-0.8493601722749169
ttdB5C73,-0.42613004001739313,0.10611332991996036,-0.34279978020117774,-0.07687640022364661,1.1551730945101575
TtJCUiY4,-0.47055561707662236,-0.3181091301803214,0.4118474397703249,-0.8042988808433265,1.1680975337439143
TwDq0lua,0.9027889513164608,0.016251033785945168,0.867554369689854,0.01314714645653936,-1.4484713982584232
twS8YZu9,-0.5808817776466105,-0.21178054868048335,-0.8925633894987204,-0.8110606538893634,0.20327696229824355
tx68W34H,-0.5057265292541994,-0.24852790698875893,-1.2422126786990493,0.8368925990176095,-1.2760442251565998
tXUWm0hp,-0.16528587443173723,-0.1944124481715086,0.1821160741538943,0.6117158443489998,-0.7156312593579948
tylKCRc0,-0.3990814305947246,-0.02308305386302223,0.4799629444504472,-0.33924674888745443,0.274144758748573
tyQSX4mY,-0.3220375649998571,-0.1380000716517067,-0.048589256817082926,-0.6695368120026259,1.024512525615048
TZ8z1GSF,-0.2745266308875523,-0.2692229683588927,-0.09076223879015011,-0.4680245772915086,0.32425486137244874
Tzyf02sI,-0.410382552416055,0.05678429956335762,0.540260368209827,-0.6701549075532611,0.9713150568149125
u1544WUo,-0.5791476724774599,0.058039187609235654,-1.9852065737362654,-0.39270922447982315,1.3811626659388843
U3yI6ZS5,2.834194886254124,-0.08753207083552539,1.414619912652709,1.321828244854295,-0.907746638960905
uAw9an0d,0.3605107279686712,0.2173757082009864,0.3672484641061242,-0.2512164440376736,0.008746308198080754
UBLnXZAN,-0.31478522699903927,-0.13029022409952873,-1.9618246407258102,1.801983553756635,-0.2862394886197741
UBqkX6SY,1.476076876937467,0.3210564380906611,1.8078173123023458,-0.42858390358647824,-1.0783473669344836
UBWDzleg,-0.3988894104417651,-0.25852708349427544,-0.9975156366962228,0.2972060612096712,-1.2448872369405741
UCIAi1Aj,-0.7657625866439292,-0.6477783930795091,-1.7966287806813188,-0.2520563011289241,-0.23167661913985071
UeWm1l9F,-0.1234872456223824,0.0017903260859633008,-1.214999948241486,1.3105598377306151,-0.411892429783709
ufhGeV3q,-0.6589597840246336,-0.36148740308360416,-0.46664288516876873,-0.5464841592788261,0.17993184870456602
uhAeGBHo,-0.7409836585018225,-0.8475348592064371,-2.1913894739578854,-0.23751225359998074,-1.0479923761596162
UhucscY7,-0.6356848654434787,-0.4214141289239457,-0.3370318183195895,-0.807996537471773,-0.4782870109557713
ujHNlqpw,0.7442411577385138,0.7143585776148278,1.4871367312989587,-0.30068879343658494,-1.1424182359261046
ulV6kuhB,-0.3252756704665925,-0.01749359986112964,0.2710746176584262,-0.46390679203337726,0.5932763811705648
uLZAEXMG,1.6926187192384545,0.3763071205003392,2.059764159899542,-0.38732959389422916,-1.149715850535447
uMwe1s7I,-0.46709704552370873,-0.3935139912473211,-1.0694108093002246,0.476306122064706,-0.8795677084691285
uohEnNEK,-0.29623582653821906,-0.2148970501866394,-1.3440906721648407,0.43895206915980367,-0.6469670504376133
UPbXGvCS,-0.043044405205098515,-0.3189949439519957,0.3760554766350861,-0.10377903703371061,-0.883242001158667
Uri1SvHV,-0.040419086037769406,-0.43346557815945985,0.3264591908824723,-0.13152097873668112,-0.9692993450281371
UzxipGJS,-0.3576183768994708,0.0306657931041876,-0.12004991291326128,-0.30232170578934614,0.5000047917345931
v1lhA8I4,-0.17740348126140457,-0.19595713426221906,0.9571165297694488,-0.6837712840637877,1.0824882658925183
v3JzigLI,-0.430793316973158,-0.6807108840211846,-1.0325543320925608,-0.8209667170089787,1.019701444425575
v5IwjyIg,-0.46802236855643514,-0.13270217946862672,-0.5371374205455499,-0.46934299303799065,-0.7868547918970741
v6lp5TK1,-0.3206367305920082,-0.17920272361786616,0.8403828352551255,-0.7003428332550001,1.4129186988428977
V74zfaAQ,-0.17485101121795718,-0.3021711246810561,0.02291532454091616,-0.0493147081574179,-0.5334645500407511
v8vOaaWq,-0.40293336578638034,-0.17551114556497183,-1.0704421844200187,0.3195863828382599,0.044425112790033694
vAYKtoil,-0.6363395042913252,-0.004513176710108979,-0.5604283567885222,-0.7139715758834981,-0.6203240041632831
VBPxBLTh,1.9470067961144788,0.3340007941742691,1.7328843586930684,0.7724283746629581,-0.5116616534779475
VeKiWSbS,-0.24757925096755837,-0.03085680592355189,0.2283850943650787,-0.3193725870141506,0.3011783332657636
vfZGBUJm,-0.19768293600907913,-0.041073623423447,0.5297151025434896,-0.08685496198037157,-0.39871798776411893
vGTNQa6G,3.434441962719182,0.37085842991566764,1.5396240983828857,0.7557098391062382,-0.18409325055663217
VLG7CXYS,-0.26838181329468963,-0.023647810367922517,0.1985079711865847,-0.2033136444310557,0.6669117648797531
vlooVUoT,-0.3802124914752221,-0.43165244002827663,-1.7699126939983234,0.41105163639716835,-1.2892674810937912
VNk52SpF,-0.3563040868247254,-0.5566972210681094,-1.5935407174957295,1.4866441626382212,-0.7694163633642326
VnU8nJHU,-0.40571498306654746,-0.2002039020016788,0.10297577906066913,-0.2767796015873145,-0.2776466084070286
VOREKsok,-0.41578963502618876,-0.19136278220773661,-0.5557725141884493,-0.828350299411305,0.9478243594620857
vQzNxHoL,-0.741966286292732,-0.4075834781133132,-0.6334753951828151,-0.6616978645210665,-0.7564499144265007
vrACvd4O,-0.35214351387876924,-0.14832976805425702,0.8486707719350743,-0.3687764400160276,-0.3475560436910179
VRhTr5pX,-0.28809210323804063,-0.27067260319833863,0.35139303404593925,-0.5759763573596146,0.13335647782869486
VTcG4Kcw,-0.21345501568128408,0.06794264203838551,0.146399614309642,-0.48364793076003565,0.6101402832518055
VueNCxYv,-0.5343624801592558,0.003189866302843569,-0.989470335708349,-0.41898483778864914,0.5638418415764157
VxuQTRUl,-0.5463363712039678,-0.39722837148926615,-0.09139363263057199,-0.582436429513983,-0.6185012009374056
W5lgaocA,1.1311596408609783,0.4410653711629742,2.3791135497745,-0.669262256776129,0.3564406791810164
W5mMq9Ef,-0.38690966549039857,-0.23070372976596687,-1.1369863224551882,0.25186379067421427,-0.23021595374675385
w8hdjLwb,-0.42897269951832456,0.14899991879158492,0.11969537053619028,-0.38919716304322804,1.5182875045392414
wAntv4gH,-0.10561840638945393,0.36602146397219926,1.8508478093259537,-0.6006617974257651,0.5820358231939302
Wc0stQgu,-0.3467605869937836,-0.25072793104934377,-1.2417425127772521,0.29953029152924415,-0.9022333632165989
WDhNqFpS,0.01841882049562875,-0.31909239270769163,-0.5766545682911346,1.0699910599642308,-1.2026550021310847
wdIMrXwy,1.6048426931265438,0.271826423114387,2.013005021837669,-1.0345381629026278,-0.4337269216831352
WE6n1kZi,-0.32168735243223395,-0.3031141841301839,-2.0139371938314543,0.6570094147792034,-0.46447552826075267
WewoSCUB,-0.6117911999302171,-0.37124626479360145,-2.2771457300565334,-0.7815020242319051,0.37779802370632964
WFk6r3vA,-0.45804456912996067,-0.15442712870842357,-0.19895867911282217,-0.2792943027188457,-0.27444911923348414
WFyIrsUR,-0.26501767817783645,-0.37460695829847523,-0.9164827559621376,0.2998847317785831,-1.0793707816720577
WG6ZAsqR,-0.46139469952697937,-0.32471887808148736,-0.6246301037396069,-0.8571197340692933,0.882622102786538
wiL9npQc,-0.36724613809017953,-0.36650934475344243,-0.993506109955435,-0.5981012265555918,0.3584200894291847
wIUL09q0,-0.41971220873447074,-0.2955304471042588,-1.7190124012812493,-0.7318286546728459,0.3469788103701852
WMq3CZQk,-0.3694946278001923,-0.5286786331516602,-1.0970734315336603,0.11616688103507755,-1.6317747120502624
wnU95Cxn,2.143619547814889,0.14807439236122022,2.525679623050733,-0.6225309429782655,-1.4049958744909397
wOzx7Fgz,-0.3535137979454431,-0.3128847403176884,0.49125690191010385,-0.5294390375242628,0.1606764179522564
wPhjhCJQ,-0.36935784520568676,0.006538055290572942,-0.42314990905652117,-0.5919249094244705,0.7265092518772711
wpJbbjJs,-0.021570046598359996,0.12962366409285764,0.6128280834606112,-0.11003471447971691,0.36861213577131124
wQSWWmYB,-0.4984854433543427,0.0974217392840977,-1.153547148371901,-0.3681739323296469,1.436116149861757
WRskmGjh,-0.3798417702258435,-0.28262233372968026,-0.5367040053580485,-0.4435814100570141,-0.8657446880843942
wsOWTAbI,0.6923762559811019,0.8415951445959102,2.5069472933771504,0.9467118325765469,-0.5649489240532581
wtdBcU3U,-0.2629369155119155,-0.35150160957070753,0.005911928190242222,-0.5603914204084148,0.5919413888458642
WuHuhHWJ,-0.33710484605590946,-0.22228739877116155,1.1000308683132953,-0.6679991841287674,1.151288603559717
wuKXVxOc,-0.4123472001706668,-0.29280150148131057,-1.4622045334068634,-0.7474123823185082,1.0370106325680375
Wv7EBtZb,1.4979897491453822,0.11265082992306574,1.3945450393183574,0.2579151742334389,-0.5989813961587949
WXijSglj,-0.07430819691856401,-0.17103200787002848,-1.7811629820251955,-0.2789609526493777,-0.8554213471835261
WyPlxDn0,-0.3655328709780226,-0.14026220351204088,-0.6338828564781824,-0.4117383108604926,0.4025760858729903
wyzadAt8,-0.360541491242302,-0.12395922701486839,-0.436248415241268,-0.7810984266229397,0.8505966921801722
wzaKzYwi,-0.005338713532380428,-0.45909758934155676,1.8074151279041626,-0.6496961555989955,0.9204455957896265
X3WqoSNN,2.2390492651947205,-0.059746607989811906,1.4613603877405108,1.0070480684640088,-1.023287550311668
x6GCk4EV,-0.3135522759343395,-0.19399562366286105,0.04925440387341773,-0.4801991926646778,0.4817213621135146
x6lUi3vf,0.04016751644931153,-0.08016196431978884,0.819854010309994,0.4051095455238638,-1.4279674441696422
x8mwDHv9,-0.27461674844075606,-0.15472007480363814,0.2621839096901777,-0.25016193325287617,0.10839005946027314
XDhyP9KB,-0.5414577841576881,-0.3440759357517642,-0.4229196593171327,-0.15001675007621174,-0.4413470530199426
xeXyDCEQ,2.9283946781427033,-0.10162036824928933,1.6951032690154175,1.1098318319887213,-0.8358599508047497
xIYm6puH,0.5696207392584215,-0.03265062232000915,-0.5878866644877707,0.5217207826058612,-1.6031935874890202
XjfVQbXd,0.6930536131203334,0.770571180063623,1.5066885092961666,-0.48464121145612893,-0.8171844813624354
XjLNAwxW,-0.1478897756151115,-0.5971505764691507,-0.3309608081668802,-0.20017517634047266,-1.1537775511515953
xO6UdpsK,0.30935003878065487,-0.7302799138369416,-0.41926537335439384,-0.21168515206678507,-1.9584238941843957
Xovczbf6,-0.46935108519226004,-0.25670309691210846,-0.6516988671918416,-0.8586549516289423,1.038655366000878
xQ2bkOvj,-0.2840755235191322,-0.3648119328781583,-2.2103032400485763,0.11964931179731053,-1.2818378483135326
XQxhDRMG,-0.4358020263421279,-0.16098770143341667,-1.6005778113041078,-0.38178852153438214,0.9252900079190134
xrggHziO,-0.3263753485817725,-0.2793117977371118,-0.039983780653644274,-0.36909229690123624,0.5496991477938558
y1WMCmqQ,-0.3301646804413037,-0.4205095238857872,-0.5062098489153204,-0.47163488656811836,0.22617125041497488
Y8H4onBf,-0.3983744388515454,-0.7014264147464679,-0.9536674719742013,-0.6465252441207312,0.8291116823437754
Y8YgzSZ9,1.7314344067798006,0.15911391165994004,1.9059614925537272,0.4441109186937311,-0.019130093256624292
Yb8OtMb2,0.21109697904341598,-0.33281886095298674,0.6449783304630028,0.04378000850923769,-0.8753205345729818
YC4PNV20,-0.707508187896215,-0.2989946355346298,-0.3529578681798302,-0.4578956692393703,1.1454958958182964
Ycg4lTYw,-0.3792062724242738,-0.3477576066333974,-1.2917907106891011,0.04937741675033891,-0.914248746650717
ydC9UsSm,-0.42398196781238134,-0.05595117362370061,-1.8056986517713103,0.7972779553393039,-0.0029431432086290954
ydEG4VBd,-0.5039663110437141,0.05305884532665672,-1.5053100437070288,-0.15905677708993693,1.3777223961150433
YDHSCRdd,3.9497968008408253,-0.2599726490525178,1.3887006597827831,2.0499150165297024,-0.6337332842723278
yDngezhM,-0.41698194641469094,-0.38859925482299573,-1.4969076045197216,-0.6851288209336062,-0.23950846341549337
yf76yWXc,-0.4482216728095883,0.6391868287928695,1.1697160154477597,-0.8698012163608482,0.09772328839963151
Yfk6tekH,-0.09700835241639767,0.2968473305345718,1.5857854069549813,-0.36777324143846357,-0.5207053168706786
yg70e63n,-0.3019118854680803,-0.036419063572768806,-0.5772035010413692,-0.1544637084852738,0.28027161288073543
YIJ87aME,-0.47678492457706284,0.30135485243320304,-0.6305161548539235,-0.4428496605209702,0.5720934383206462
YKvT4dFv,-0.08299823857008144,-0.024514125160724376,-0.5843200998162974,0.031270487972541616,-0.1901871526225456
yLiFjMD0,-0.32887421312312753,0.1321870138390544,0.08450766102566654,-0.6011636958205244,1.7501054734329067
YNebALR2,-0.47177078534038636,-0.4939537261024931,-1.4131291596422688,-0.7805356029939148,0.6285105008481899
YNrnqFyb,-0.2715040532474107,0.16423286026750006,-0.10649081514839231,-0.2280635711117256,0.41640827352048504
YoSfgmR6,-0.5257395575996272,-0.3187396638486213,-0.3964471392685045,-0.289053430546538,-0.091400834466274
YpzFvexy,-0.3589304978532764,-0.14141778858445164,-0.9825619967016355,-0.14703749723317827,-0.2778862740688943
ySwEBO7w,-0.4007375704036638,-0.4995527789151062,-0.5570707746377384,-0.17697736654732665,-1.256762015273214
YUZ4lR3m,-0.430326689650022,-0.18596023034385567,-0.21347786665001145,-0.24291574794957427,0.5182013874854441
ywxtlSKv,-0.4926401633625415,-0.36668821448526856,-0.6551812468510452,-0.46899589779919637,-0.1538657027996102
Yxqppfa3,-0.19814238269540194,-0.24870306043428414,0.5116404292259613,0.13185899864178197,-1.0104976734220124
YYLvjoVC,0.11966140829039544,0.4275740985476908,0.08741924714592919,-0.12257079873776178,0.6109680166736347
yzKPQPOR,-0.4503707769224837,-0.3709509093396015,-1.0889721685991294,-0.322771799848816,-1.1027549823666938
Z16jTUvP,-0.13423324694235603,-0.11135199838188115,-1.6448894287522098,0.33661671138774096,-0.7834815850511383
Z2BdCCbJ,-0.23713273630279338,-0.14236410363352903,0.05962009044583105,-0.5088166766072035,0.6880253103935523
Z2JJMM6V,-0.5356023431707234,-0.36111165453528216,-0.5817431700187417,-0.1289559236310751,0.2577532830163385
z5cnOnZ1,-0.431161361763524,-0.31769173378686233,0.16263039015336567,-0.4496341914750346,-0.3472114555462191
Z5jE1OB5,-0.27184335046775626,0.07819693697004126,0.568535650889201,-0.08257978081970663,0.12881101229131886
zaWDBai3,-0.2822525347988419,0.07946553897911812,-1.2711654679011435,-0.3098692435205166,1.2741585716848043
ZbYLo0zK,-0.28778136678233907,0.04671271362624552,-0.4662352463147972,-0.30743265854103896,1.0100630145933813
ZedN8Gcn,-0.4405720021237199,-0.2357924672769265,0.14455069765778994,-0.4531299105523985,0.093127858331993
zFLkOE0e,0.2583349906583154,-0.16531697570914972,0.508372827057995,0.4904167173276974,-0.806568928004797
ZFsIqYxA,-0.4301563897502719,-0.017392970791636486,-0.2744330916257258,-0.11225935958596978,0.30557895716983907
zg3u0Zsx,-0.2396333434636718,0.1873269735215466,-0.5059801587392503,0.03238621798713126,0.33973490959206387
ZgD4Dau6,-0.12641686594944676,-0.3116194175972602,0.6518553312528166,-0.3419533625478479,-0.9053432845886142
zGi72mxL,-0.5322586118598457,-0.3089147621621784,0.44154278295576255,-0.2639460751442684,-0.8478771458013377
Zgzf79LA,-0.5695065205615363,-0.42421595449102156,-2.6622902177512078,-0.6227077613657102,0.32473732258759114
ZHDVsoRh,-0.3020037273663357,-0.4104080561382695,-0.14567886690588416,-0.17826346749912858,-0.43090062026758247
ZjqzxDOF,0.07405980506406833,0.5071680904848357,1.7310052122027155,-0.8056969123394637,0.25126941476983333
zlwLfdsS,-0.3157566404606578,-0.32470940456639497,-1.0884730398936444,1.360812432499678,-0.9874267585783834
zmbKzVfl,-0.5009318714880907,-0.5583627416826609,-1.583401049831311,-0.19932084415309959,0.26017939745352336
zN925UV3,-0.49582469431586645,-0.5448197384493803,-1.2771729374189835,0.07727315094374632,-1.1819625622684704
ZSmfu2Fc,-0.23396062307291796,-0.5730165338036137,-0.8932491618430749,-0.035718964187218205,-1.1388032837931839
ZsZ5aDpq,0.08686618729038591,0.21583856512827637,0.9445150016593384,0.9955297284882718,-1.3342692851166227
zTy2ih7e,-0.4168224379579529,-0.33836363384668644,-1.3366193420415602,-0.9048823471675504,1.0162994696892405
ZtyqE7If,-0.20827023753066828,-0.18979410730660007,0.5539101118855552,-0.1032610259716975,-1.298199600940368
ZU8YXF3H,-0.4414746351889965,-0.3771270387396477,-0.5211198980374565,-0.880567749296425,0.9377272623695738
zVFzAutw,-0.36599252553622424,0.12480857915855026,-0.33885307559558164,-0.35290361109260715,1.2504938748478729
ZvUgz01f,-0.1940210594808308,-0.3845225985942058,0.2876768457386998,-0.8686125728758824,0.7091208000273603
ZwrhgdQV,0.4646104259845258,0.721548525946698,2.2700948163809453,0.805117740286768,-0.5500632378390016
ZXKaNy6Z,-0.5270529951303585,-0.009874925174674587,-1.695637472343039,-0.3945264175562997,1.41451376089017
zYxNAkht,-0.6292154503198276,-0.460385325216496,-1.6889826850315348,-0.7032254363116053,0.6343766569497369
