"PIDN","Ca","P","pH","SOC","Sand"
"09gt9UK5",0.0702927261590958,0.0739122852683067,0.0715226456522942,0.0746180713176727,0.0728909447789192
"0BVvxJ6a",0.0761208981275558,0.0785761401057243,0.0793540552258492,0.0854404792189598,0.0795711427927017
"0KbdgApg",0.0494008809328079,0.0532929636538029,0.0575543604791164,0.0512457266449928,0.05579674243927
"0MnuuduB",0.0478356033563614,0.0572306700050831,0.05722476541996,0.0552525483071804,0.0590933673083782
"0PcIsF9z",0.0310176648199558,0.0406056717038155,0.0438706837594509,0.0391699559986591,0.0447400361299515
"0ShTFLYJ",0.0687129721045494,0.0759939476847649,0.076523594558239,0.0758222490549088,0.0758370235562325
"0XZh9jka",0.00730234663933516,0.00900643598288298,0.0095173567533493,0.0081079788506031,0.0104788653552532
"0Y7Wegri",0.0875455588102341,0.0904418155550957,0.088130921125412,0.0940287783741951,0.100250869989395
"0dTqplIM",0.0235395692288876,0.0295252371579409,0.0287363585084677,0.0257814005017281,0.0301065351814032
"0lNiZicC",0.110291935503483,0.112443320453167,0.115349397063255,0.111863560974598,0.113559298217297
"0rGeJ0QN",0.0407160110771656,0.0492113940417767,0.0479501336812973,0.0454853586852551,0.0534630790352821
"0sXI9ytQ",0.0431202948093414,0.0513296388089657,0.0588919967412949,0.041698046028614,0.0487816371023655
"0ukt4aP6",0.104210756719112,0.118589825928211,0.111895903944969,0.115213431417942,0.117617636919022
"1AGspb8f",0.0347146838903427,0.0429685637354851,0.0443859025835991,0.0416553169488907,0.0425501614809036
"1Csy0gvE",0.0321474112570286,0.0343691110610962,0.0342137329280376,0.0317051336169243,0.0379472933709621
"1Ic2hly1",0.0922192186117172,0.0959605723619461,0.096805676817894,0.0952736958861351,0.0954936444759369
"1PPbaTwt",0.117710411548615,0.118020549416542,0.110356271266937,0.119258224964142,0.117749989032745
"1SO5VJNy",0.0784024447202682,0.080423541367054,0.0825312584638596,0.0799369066953659,0.080918088555336
"1arHxK3Y",0.064656525850296,0.0634595602750778,0.0673371478915215,0.0631462186574936,0.0710727870464325
"1fCW4Bba",0.116000510752201,0.117517374455929,0.120931088924408,0.118819214403629,0.119550734758377
"1qDZNvIm",0.0852773115038872,0.0888093784451485,0.0905039310455322,0.0879143550992012,0.0895072594285011
"28LYJC2V",0.0362336114048958,0.0438401401042938,0.0449824519455433,0.0438721887767315,0.0460357517004013
"2CzACvQq",0.00856692064553499,0.0167148392647505,0.0193791724741459,0.0176388714462519,0.0193241853266954
"2FT3crfv",0.0624621696770191,0.0632604584097862,0.0690594539046288,0.0596777386963367,0.068397119641304
"2Fy2uHVg",0.0603925324976444,0.0650932863354683,0.067313976585865,0.0619424618780613,0.0685315951704979
"2MkMEApm",0.0568655356764793,0.0606892630457878,0.0615709982812405,0.0612502284348011,0.0648447200655937
"2NDGWEOe",0.0476268455386162,0.0486970245838165,0.0610159635543823,0.0522793903946877,0.0568445473909378
"2NyyCiqn",0.0222915783524513,0.0272168926894665,0.0295980237424374,0.0249097961932421,0.0271828602999449
"2QRzIb84",0.117686286568642,0.121345683932304,0.120388433337212,0.122802264988422,0.120933406054974
"2QcbdrUZ",0.0522264391183853,0.0554093047976494,0.0507916063070297,0.0508885905146599,0.0548235215246677
"2YgAimWK",0.0466214492917061,0.0526837445795536,0.0566857866942883,0.0515591688454151,0.056078664958477
"2cx85d9H",0.0900950133800507,0.0940181687474251,0.0956066250801086,0.0949999168515205,0.098556362092495
"2homMXMV",0.0678475275635719,0.0635889023542404,0.075812466442585,0.0703093633055687,0.0676015540957451
"2ldLrUtq",0.0557550266385078,0.0618982240557671,0.0638200640678406,0.0581087842583656,0.0642063990235329
"2nsACW6G",0.109947927296162,0.113411888480186,0.108970582485199,0.113859206438065,0.111388757824898
"2yMbVnWc",0.082551509141922,0.100982166826725,0.108388520777225,0.108980640769005,0.11103942245245
"36r8sgGQ",0.0675845816731453,0.076106570661068,0.0777688845992088,0.0765227004885674,0.0728744268417358
"3NXAXCl3",0.0597051717340946,0.0552927479147911,0.0706280693411827,0.0597768574953079,0.0656065419316292
"3QG0z6fl",0.0461466796696186,0.0535959042608738,0.0559677705168724,0.0483672618865967,0.0521456860005856
"3WS8R9qm",0.0115845315158367,0.0185185614973307,0.0183325819671154,0.0173175428062677,0.0187636613845825
"3fRLm8f5",0.0156476385891438,0.0220794975757599,0.021044535562396,0.0221782904118299,0.0235118977725506
"3mZhp1nQ",0.08490851521492,0.0862815827131271,0.0885007753968239,0.0876650586724281,0.0906161665916443
"3pikJXRL",0.0622956417500973,0.0628469958901405,0.062947541475296,0.0645728036761284,0.0661971792578697
"3pxOEGHL",0.0936589315533638,0.093837171792984,0.0875172764062881,0.0999211221933365,0.0909350886940956
"3ttdV3f5",0.0206638667732477,0.025062358006835,0.027020612731576,0.0248107053339481,0.0279535185545683
"3v4X6Mfe",0.0453917123377323,0.0513943135738373,0.0536601468920708,0.0460858531296253,0.0561602339148521
"3wORuPiv",0.017700893804431,0.0262460578233004,0.0257839150726795,0.022817850112915,0.0175717175006866
"43EfrxZj",0.0589714720845222,0.06085604429245,0.0613497495651245,0.0602689273655415,0.0664913207292557
"457Vwm21",0.0947389453649521,0.101584002375603,0.0987311378121376,0.104813948273659,0.100740142166615
"46KNnOdx",0.0550450943410397,0.0584265366196632,0.0627619996666908,0.0572329461574554,0.0635730549693108
"47TwNsVC",0.0145276198163629,0.0222263354808092,0.0181512385606766,0.0184967033565044,0.0185153484344482
"49856RpO",0.0369962938129902,0.0411382541060448,0.0442086309194565,0.0413959138095379,0.0456090718507767
"4Ane1o2N",0.0578946806490421,0.0588463693857193,0.0599603615701199,0.0591710433363914,0.0586081817746162
"4AyVUgSc",0.0475416071712971,0.0507597401738167,0.054618563503027,0.0448523610830307,0.0501845479011536
"4B1951On",0.0519524998962879,0.05751858279109,0.0537065751850605,0.0525314025580883,0.059006217867136
"4OL39Teo",0.0846975073218346,0.0868723690509796,0.0928908959031105,0.0881710276007652,0.0910082384943962
"4eQ90eLY",0.0179141275584698,0.0216503329575062,0.0265116188675165,0.023252060636878,0.0282206945121288
"4o5jwMj8",0.0682992488145828,0.0739431455731392,0.0770637691020966,0.074567511677742,0.0774378776550293
"4vPgpl2c",0.0778313726186752,0.0825036764144897,0.0809517726302147,0.0830296948552132,0.0853581205010414
"51r9aA0d",0.0541031435132027,0.0572330430150032,0.0625733137130737,0.0535235069692135,0.0598319247364998
"58SmeRoP",0.00762996589764953,0.0142792323604226,0.0215511173009872,0.0132177462801337,0.0138018606230617
"5HJp1AXn",0.0602615065872669,0.0673868879675865,0.0700797140598297,0.0697983354330063,0.0710632354021072
"5MBZW7fx",0.0608133226633072,0.0635582283139229,0.067526713013649,0.0685712322592735,0.0619321167469025
"5Nq3gHaP",0.0647170692682266,0.0725204646587372,0.0698933824896812,0.0668416023254395,0.0723550915718079
"5RmwFFK3",0.00103075045626611,0.00984253268688917,0.0120855569839478,0.00878317933529615,0.0118877571076155
"5Tu5Jbov",0.0602426938712597,0.0669093281030655,0.0629356876015663,0.0663124173879623,0.067394070327282
"5YEolkev",0.0986149907112122,0.101714588701725,0.102990701794624,0.105366826057434,0.106033630669117
"5a8sf6QV",0.088813915848732,0.0907691195607185,0.0909011736512184,0.090326614677906,0.092247262597084
"5eSvmqYm",0.116071976721287,0.117179043591022,0.120325043797493,0.120271131396294,0.121666364371777
"5hkN8fiv",0.0475581437349319,0.0543690137565136,0.0514647699892521,0.0538506172597408,0.0561773777008057
"5oK8Gti5",0.0620399042963982,0.0644271746277809,0.0656359270215034,0.0662104114890099,0.0712485387921333
"5paniGaU",-0.0045200539752841,0.00306484824977815,0.0074954042211175,0.00481092557311058,0.00653494521975517
"5vsr7ZUP",0.036503478884697,0.0399387367069721,0.0414850674569607,0.0391046851873398,0.0412249825894833
"60B4xMWI",0.0467548593878746,0.0490909107029438,0.0535406768321991,0.0477469153702259,0.0500936955213547
"64jOUtKy",0.115462265908718,0.124696381390095,0.122263498604298,0.128520667552948,0.127428382635117
"6AJo4xNG",0.0638609826564789,0.0711812004446983,0.0759703889489174,0.0701452493667603,0.0721016153693199
"6CAvhEte",0.0688403248786926,0.0673031732439995,0.0671670734882355,0.0664574503898621,0.0708987787365913
"6CuGYjT5",-0.00196633534505963,-0.000290193187538534,0.00621117278933525,-0.00148446811363101,0.00516922073438764
"6DGH8ujZ",0.0233424808830023,0.0305253900587559,0.0321001783013344,0.0296310856938362,0.03296073153615
"6PzsGdVm",0.0525217428803444,0.0609988123178482,0.058927770704031,0.061755932867527,0.0592228248715401
"6UcSJMbq",0.0320490263402462,0.0412298068404198,0.0423252694308758,0.0408369302749634,0.0439995378255844
"6WJbkH8U",0.0621029138565063,0.0660879090428352,0.0678914040327072,0.0652351975440979,0.0700697749853134
"6eUWsVzw",0.0918399840593338,0.0943210795521736,0.099741242825985,0.0936689749360085,0.0921531021595001
"6gNyO7Do",0.0430988110601902,0.0491251572966576,0.0508858412504196,0.0479768365621567,0.0526570938527584
"6jT0AyHe",0.0649757087230682,0.0769179612398148,0.0768118426203728,0.0752322003245354,0.0699529647827148
"6nBgCvWu",0.0436924323439598,0.0490509383380413,0.051236804574728,0.0480273813009262,0.0522869490087032
"6ro5mqg6",0.029415138065815,0.0310785789042711,0.0333009287714958,0.0308637637645006,0.0332887955009937
"6sGqObX4",0.0126993330195546,0.0157428290694952,0.0179474577307701,0.013472655788064,0.0183765981346369
"6uEGy0n4",-0.00188326602801681,-0.00140399241354316,0.00454149441793561,-0.00214862637221813,0.00441023847088218
"7BZ4LxP8",0.0494115389883518,0.0543473847210407,0.0528349429368973,0.0498039312660694,0.0538068078458309
"7CmigXKi",0.0544073022902012,0.0539784654974937,0.0546839833259583,0.0523167438805103,0.0565424300730228
"7Ga0LpfR",0.0335268564522266,0.0384766757488251,0.0422636866569519,0.0370550118386745,0.0437871403992176
"7PQsFvsG",0.106847636401653,0.10651621222496,0.108189709484577,0.108037419617176,0.111173138022423
"7aF7nnwn",0.0479655563831329,0.0531377196311951,0.0505337975919247,0.0507576204836369,0.0559539832174778
"7asGzfX9",0.101429365575314,0.105201974511147,0.107572413980961,0.102186225354671,0.106023162603378
"7cg7C92o",0.0193064920604229,0.0243668742477894,0.0239409767091274,0.0238783527165651,0.0246833339333534
"7eOxTpsB",0.0540098585188389,0.0610745809972286,0.0581090450286865,0.0591883808374405,0.0620356723666191
"7ey0v7ma",0.0638540908694267,0.0739878416061401,0.0787784978747368,0.0725731998682022,0.0781081318855286
"7gocyrYl",0.039451502263546,0.0452166944742203,0.0491432696580887,0.0455677397549152,0.046099241822958
"7gqR3GoA",0.0516908653080463,0.0543457269668579,0.0598357245326042,0.0524331480264664,0.0555509515106678
"7og7aUXB",0.0696197971701622,0.0770747289061546,0.0780941024422646,0.0755311697721481,0.0760031268000603
"7onRfa8F",0.0120113082230091,0.0217568054795265,0.0229286663234234,0.0226902402937412,0.0222100578248501
"7umkNuxM",0.0357322245836258,0.0411412678658962,0.0415663719177246,0.0393631681799889,0.0437311567366123
"7vPr9ExD",0.085689589381218,0.0892924070358276,0.0917058363556862,0.0888939127326012,0.0906215235590935
"7zNjpCzu",0.0821115672588348,0.0835438519716263,0.0886927917599678,0.0867868661880493,0.0894167944788933
"7ztsQNj3",0.0914526805281639,0.0911247134208679,0.0964981615543365,0.0925929248332977,0.0895422399044037
"86gppwMI",0.0853765681385994,0.0829105824232101,0.0804918631911278,0.0916483253240585,0.0970742851495743
"88thAGdL",0.086518906056881,0.0885887295007706,0.0972024947404861,0.091687299311161,0.0983250662684441
"8GhU8STP",0.0310773830860853,0.0355720072984695,0.03786975517869,0.0361536778509617,0.0403042137622833
"8NlzDcWe",0.0985813215374947,0.0975146815180779,0.0972161442041397,0.0985500738024712,0.100397706031799
"8QAejdLW",0.0202717874199152,0.0245649795979261,0.0260841511189938,0.0221260394901037,0.026683796197176
"8RDeFxWM",0.0339857712388039,0.0409158170223236,0.0420408695936203,0.0378483459353447,0.045137781649828
"8UXP2NBS",0.0640701204538345,0.0697083100676537,0.0708593726158142,0.0687860995531082,0.0701813995838165
"8ZoV3KGT",0.0683711618185043,0.0746043622493744,0.0772496983408928,0.0741689950227737,0.0763107091188431
"8ajs2uG8",0.106929294764996,0.108773946762085,0.113116048276424,0.111690990626812,0.113971099257469
"8bXnz62p",0.0680764392018318,0.0618753172457218,0.0585594549775124,0.0692766383290291,0.0623710416257381
"8nO1O1LG",0.0647290050983429,0.0692862346768379,0.0725792273879051,0.0740634500980377,0.0746984109282494
"8xE1p8g8",0.0410700738430023,0.0466020219027996,0.0483399070799351,0.0458530224859715,0.0508806817233562
"8yMDVMRM",0.05392911657691,0.0605984069406986,0.0683630555868149,0.0625269487500191,0.0687404274940491
"98R5VaPi",0.0451409295201302,0.0520478673279285,0.0515489019453526,0.0468156598508358,0.0483933873474598
"9DcTz2Ua",0.0221591722220182,0.0239321440458298,0.0286856964230537,0.0227263495326042,0.0263482481241226
"9G7nfUrK",0.0827128514647484,0.0865090414881706,0.0844256281852722,0.0904816314578056,0.0871320068836212
"9O6GZ1HT",0.0509500801563263,0.0568991079926491,0.0548211224377155,0.054417047649622,0.0585241205990314
"9S7fCoAM",0.040426280349493,0.0474086366593838,0.0480084381997585,0.0458361580967903,0.052833054214716
"9iQwmFJR",0.0836888402700424,0.0847899168729782,0.0943751186132431,0.0880862027406693,0.083182729780674
"A3Mt6SAQ",0.0453306697309017,0.0416819080710411,0.0369628630578518,0.038995798677206,0.0469265207648277
"AJIsQIcV",0.00872842594981194,0.00823389831930399,0.0127895008772612,0.00807097181677818,0.0130552016198635
"AMHKXMh8",0.0632355511188507,0.0666685923933983,0.0707005560398102,0.0644734129309654,0.0651166439056396
"ASwA2J4E",0.0115364110097289,0.0187874101102352,0.0194758232682943,0.018563074991107,0.0199299044907093
"AaFvEoHq",0.0612860284745693,0.0639531016349792,0.0649849623441696,0.0647672340273857,0.067678801715374
"AiIPD6hX",0.0743666291236877,0.082443855702877,0.0824798047542572,0.0819911733269691,0.0783379301428795
"AsIURvJS",0.0269731935113668,0.0297400932759047,0.0320693701505661,0.0273121651262045,0.0308856405317783
"AsvgbJ0C",0.0727495104074478,0.0767135247588158,0.0788225084543228,0.0765084698796272,0.0793031826615334
"AxEhbkCM",0.00271349796094,0.0114727225154638,0.0125761171802878,0.0116532724350691,0.0136681590229273
"B7VPkIpx",0.053156565874815,0.0612219274044037,0.0630761682987213,0.0601341761648655,0.0644359812140465
"BBwHqHiH",0.055425401777029,0.0605138018727303,0.058713972568512,0.0566984079778194,0.0598896108567715
"BMyps8hr",0.0643326491117477,0.0651964023709297,0.0663517192006111,0.0641146302223206,0.06889658421278
"BUHS4dQw",0.0474647805094719,0.0523726791143417,0.0487984903156757,0.0474309176206589,0.0528216995298862
"BZB3EYWQ",0.0308306831866503,0.0335604548454285,0.0364984087646008,0.0315419994294643,0.0348169468343258
"C5UPCZcL",0.0419170409440994,0.0464252196252346,0.0453984849154949,0.0424671731889248,0.0472982041537762
"C5gIfQbJ",0.0408212207257748,0.04620061814785,0.048580277711153,0.0442073568701744,0.0444220341742039
"CDRuu4Pn",0.00957850180566311,0.0176852829754353,0.0189712848514318,0.0157827697694302,0.0166639965027571
"CQhTYkqE",0.0812104791402817,0.0849738717079163,0.0876769870519638,0.0855098366737366,0.0860257372260094
"CSEobMXv",0.00723271351307631,0.0172446686774492,0.0158983785659075,0.0137242833152413,0.0145927183330059
"CYMQE4x0",0.066761814057827,0.0710650086402893,0.0724738240242004,0.0740222036838531,0.0787808299064636
"ChQdtl4J",0.0101156942546368,0.0129310470074415,0.0164463575929403,0.0114512657746673,0.016924362629652
"ChnD1nrN",0.038334421813488,0.0442024134099483,0.0430385619401932,0.0445095151662827,0.0477314889431
"CvtbbIcq",0.0879843905568123,0.0918718501925468,0.0980079174041748,0.0928572192788124,0.0943416208028793
"Cxk06b77",0.0565381571650505,0.0609721019864082,0.063640221953392,0.0616981014609337,0.0591937378048897
"D3QD3ZEJ",0.0716434121131897,0.0724404826760292,0.0747243463993073,0.0684838220477104,0.0745805725455284
"D8J5C6lA",0.129344701766968,0.131415158510208,0.133935362100601,0.135351151227951,0.135435864329338
"DCeQwYfT",0.0924877226352692,0.0968500897288322,0.0989239439368248,0.0957365557551384,0.0980645567178726
"DDEftkx3",0.0318362861871719,0.0353922657668591,0.0373822338879108,0.0315095596015453,0.0378015376627445
"DEwCfeDW",0.0424482524394989,0.0502526760101318,0.0522221066057682,0.0482488200068474,0.0533911250531673
"DMkIV4oL",0.0460072793066502,0.0509730018675327,0.0570704005658627,0.0478453412652016,0.0542915351688862
"DnzGfbxS",0.0539733842015266,0.0629950985312462,0.0666676536202431,0.0647401362657547,0.0666265562176704
"DoZxo6f6",0.0926838219165802,0.0978933870792389,0.0984247401356697,0.0980091989040375,0.0999231860041618
"DvhBPGIk",0.0458569042384624,0.048618171364069,0.0487992502748966,0.0472621582448483,0.0513386949896812
"Dx7GoUcT",0.0317729562520981,0.039019949734211,0.035120502114296,0.0356903932988644,0.0389259308576584
"E5hIjohO",0.0428757071495056,0.0492013171315193,0.054203025996685,0.0475123189389706,0.0550682656466961
"E6x4XGHt",0.0870368480682373,0.0941350236535072,0.0976338237524033,0.0914369747042656,0.095924474298954
"EDEpAzh1",0.0640224367380142,0.0716918259859085,0.0733434185385704,0.0715048313140869,0.0743259191513062
"ETGudkQt",0.104671686887741,0.106912344694138,0.1098443120718,0.109654292464256,0.114030390977859
"EUleKrLJ",0.0529659949243069,0.0552318096160889,0.0539649501442909,0.0527586489915848,0.0559626556932926
"Ehw2Jz6s",0.0892220288515091,0.0887700840830803,0.0828978642821312,0.098745085299015,0.0999029874801636
"EjqzC4zH",0.0293680019676685,0.0352521650493145,0.0323347821831703,0.0306296218186617,0.0335024036467075
"EkMZO3Qj",0.0131468446925282,0.0134551580995321,0.0212937723845243,0.013799212872982,0.0184981897473335
"EnoNXWvU",0.0842556953430176,0.0864923372864723,0.0867990180850029,0.0850113555788994,0.0856273919343948
"Epv8ANwr",0.050787340849638,0.053640678524971,0.0521790832281113,0.0549847446382046,0.0592203252017498
"Etro9j0B",0.0433331020176411,0.0526503175497055,0.0538083016872406,0.0464763678610325,0.055494025349617
"F3MIZj76",0.0668374300003052,0.067303754389286,0.0735415369272232,0.0680392906069756,0.0679088234901428
"FB8tU00K",0.0256791673600674,0.0296120699495077,0.031217971816659,0.0270489398390055,0.029619449749589
"FLhxBGMK",0.0274779256433249,0.0333048775792122,0.0359252654016018,0.0336960218846798,0.0353795550763607
"FRreR8ka",0.0498892553150654,0.0590830184519291,0.051175769418478,0.0613531209528446,0.0589904375374317
"FXne4oAV",0.100440435111523,0.103576637804508,0.103619419038296,0.104717656970024,0.102312803268433
"FaW764jk",0.00749152293428779,0.0136527279391885,0.0136546744033694,0.0125909578055143,0.0137703232467175
"FeAbMXly",0.0923874899744987,0.0890471488237381,0.0813633874058723,0.0960010886192322,0.0867723301053047
"FeudaFXn",0.0740959718823433,0.0807381719350815,0.0815051645040512,0.0808869078755379,0.0791395157575607
"FldUmFeM",0.0749992057681084,0.0778562128543854,0.0784501880407333,0.0800544619560242,0.0786818787455559
"Fnv5tfAm",0.0368588604032993,0.0426210984587669,0.0390903353691101,0.043715737760067,0.0480314828455448
"FvrAd3Or",0.0916200801730156,0.0920132100582123,0.0934598818421364,0.0939144045114517,0.0944205522537231
"G48zHffi",0.0674435496330261,0.0715362876653671,0.0735260620713234,0.0702414512634277,0.0779833570122719
"G76zCv5N",0.100228294730186,0.102950610220432,0.104719512164593,0.102083973586559,0.104448050260544
"G7JGUdNf",0.0626260042190552,0.0701137259602547,0.0692492127418518,0.0709516778588295,0.0753990337252617
"GCo6MONx",0.0428742878139019,0.0486269481480122,0.049204520881176,0.0486348606646061,0.0479704588651657
"GE0vbpVQ",0.0546817779541016,0.0637447685003281,0.0657658576965332,0.0621285811066628,0.0678693726658821
"GN0DfOqt",0.0359650887548923,0.0425230637192726,0.0411392003297806,0.0387095101177692,0.0410926900804043
"GNsTAb1v",0.0788101851940155,0.0796589553356171,0.0833046361804008,0.0796630084514618,0.0797744914889336
"GPwmO21z",0.123364470899105,0.124955125153065,0.128436967730522,0.129240021109581,0.131117761135101
"GQYpfLoh",0.00824915524572134,0.00894178729504347,0.011520835570991,0.00696716830134392,0.01097063254565
"GR9knT8n",0.104940727353096,0.103319443762302,0.105756804347038,0.107745543122292,0.110122613608837
"GXtFFbZy",0.0334529094398022,0.0400359816849232,0.0408986546099186,0.0391863584518433,0.0422076843678951
"GYvzvvFD",0.0354931466281414,0.0443762764334679,0.0418233126401901,0.040562029927969,0.045796100050211
"GemPjTJ9",0.0743920430541039,0.0775170922279358,0.0796128809452057,0.0769781321287155,0.07694923132658
"GkLYRm1K",0.0435869954526424,0.0506207868456841,0.0468478724360466,0.0484061017632484,0.0511425510048866
"GmlqP8eI",0.0575044602155685,0.0623676590621471,0.0666821748018265,0.0631237626075745,0.0678671002388
"GqkIrOvf",0.091068260371685,0.094759039580822,0.0951746553182602,0.0962225273251534,0.0965476706624031
"H0fsegPi",0.0614547468721867,0.0685586780309677,0.0679632574319839,0.0663331747055054,0.070430152118206
"H4dHpJjU",0.0425038896501064,0.0438556782901287,0.0471896976232529,0.0450712069869041,0.0506998710334301
"H5QwJCuU",0.0211064592003822,0.0223941802978516,0.0239460542798042,0.0203778259456158,0.0232217665761709
"H5uwmSZ0",0.101864695549011,0.0989686399698257,0.111157059669495,0.104524239897728,0.101577043533325
"H8MtbVoL",0.0239491853863001,0.0279044155031443,0.0286080408841372,0.0270760226994753,0.0304949749261141
"H9JrUYnp",0.0444302223622799,0.0512405559420586,0.0559331402182579,0.0514759607613087,0.0531534999608994
"HHYmmHVk",0.0180312115699053,0.0224342085421085,0.0192993637174368,0.0219711288809776,0.0287484973669052
"HJ5U4uqL",0.0321386717259884,0.03661173209548,0.037179309874773,0.0354193709790707,0.0406287349760532
"HNQxYc4w",0.097922682762146,0.103922732174397,0.101314470171928,0.106576763093472,0.106468871235847
"HQYhKHZ8",0.0926963165402412,0.0949384793639183,0.100930251181126,0.0934789478778839,0.0908901691436768
"HSCMx0MC",0.107215784490108,0.108950383961201,0.111263044178486,0.112401314079762,0.113053523004055
"HXYuE0fx",0.0310840401798487,0.0357843190431595,0.0345884375274181,0.031324990093708,0.0360067524015903
"HdKcxEWr",0.0328022614121437,0.0428716130554676,0.0420763306319714,0.0386825576424599,0.0452990755438805
"HecW1iCC",0.0660702735185623,0.0671739131212234,0.0701347291469574,0.0686485022306442,0.0691047236323357
"HpbKB8rv",0.0421091541647911,0.0438791960477829,0.0492552220821381,0.0468423552811146,0.0479899644851685
"HrkoYjCg",0.0997385084629059,0.101600408554077,0.101191565394402,0.0971687212586403,0.107239313423634
"I5P2uquT",0.0565423667430878,0.0585647374391556,0.0525414533913136,0.0670643821358681,0.0586692355573177
"I94qkDM7",0.0642770454287529,0.0699900984764099,0.0741816461086273,0.0756276026368141,0.0779469087719917
"I9sQbtt8",0.0440031103789806,0.0468675643205643,0.0503926202654839,0.0490801781415939,0.0506155900657177
"IFxgw6ZX",0.0581282638013363,0.064814530313015,0.0622308924794197,0.0575001873075962,0.06475580483675
"IPPPSyoU",0.0782585069537163,0.0787269175052643,0.081921249628067,0.077163077890873,0.0746018216013908
"IQOYQubU",0.0575948283076286,0.0551746189594269,0.05781414732337,0.0551392398774624,0.0634773820638657
"IYNE2SxU",0.0524444356560707,0.0597350858151913,0.0581575408577919,0.0557285435497761,0.0604833923280239
"IZRFk9kN",0.0310637895017862,0.0351347550749779,0.0376119390130043,0.0345027148723602,0.0382830314338207
"Iaq3v0t3",0.0635623708367348,0.0677592232823372,0.0760497972369194,0.0670899376273155,0.0715548992156982
"IbVwu1t6",0.0425151102244854,0.0448747389018536,0.0480144992470741,0.0453496500849724,0.0479970686137676
"IcHKTLyo",0.0825249180197716,0.0850923210382462,0.0867754369974136,0.0853541567921638,0.0846780240535736
"IpW80wVB",0.0960049331188202,0.0936925038695335,0.0975593999028206,0.0981682911515236,0.0938748642802238
"Itb0PYUV",0.110702492296696,0.112525157630444,0.112216681241989,0.117564544081688,0.117424197494984
"J8fpSwS0",0.0284261964261532,0.0298239309340715,0.0321541912853718,0.0284930486232042,0.0334377512335777
"JE1SlbD0",0.0416553132236004,0.0439849905669689,0.0487712770700455,0.0467418171465397,0.0461062490940094
"JEB4McNb",0.0736949071288109,0.0801869258284569,0.0808113887906075,0.0765799432992935,0.07955651730299
"JEE4QVeQ",0.0598010346293449,0.0576323382556438,0.0670272409915924,0.0620162524282932,0.063884511590004
"JJSEU2VQ",0.0488690845668316,0.0575622692704201,0.0644791349768639,0.0572629645466805,0.0613491199910641
"JSsVriP2",0.0344604067504406,0.0341389141976833,0.0379292294383049,0.0366394110023975,0.038009025156498
"JUvQNiOK",0.103508055210114,0.106325753033161,0.106877282261848,0.106203749775887,0.109554976224899
"JZbrRtm2",0.0903815999627113,0.107136487960815,0.117693975567818,0.108098424971104,0.104069143533707
"JcE9G92B",0.113406628370285,0.109411366283894,0.112723402678967,0.116395376622677,0.118606716394424
"JnNYpXHr",0.11093282699585,0.114148698747158,0.116143092513084,0.112996377050877,0.117295503616333
"JzpbnOtz",0.0266547482460737,0.0332506857812405,0.0362811796367168,0.0336057879030704,0.035453911870718
"JzzUhPQp",0.0522927865386009,0.0489264875650406,0.0561538636684418,0.0539666898548603,0.0537723191082478
"K05R8dQK",0.0350869260728359,0.0387818925082684,0.0414430238306522,0.0346759036183357,0.0420318022370338
"K17pG2mG",-0.00340591580606997,-0.00122059416025877,0.00663277413696051,-0.00115591275971383,0.00576303480193019
"K8BellUe",0.0216261576861143,0.0261893700808287,0.0268039498478174,0.0253439620137215,0.0285774171352386
"KJ2eH6rr",0.0343038290739059,0.0357665978372097,0.0417252779006958,0.0366411618888378,0.0406795367598534
"KJEJ6Glk",0.0638057813048363,0.0717286765575409,0.0764115899801254,0.0747826397418976,0.0750059336423874
"KSbO0oXS",0.077969990670681,0.081110455095768,0.0921471640467644,0.0831288173794746,0.0829681009054184
"KXtvmd01",0.117466755211353,0.120151557028294,0.124214731156826,0.123464003205299,0.126752495765686
"KYiJqBuJ",0.040284164249897,0.0517793260514736,0.0504005700349808,0.0483229942619801,0.0476987846195698
"KmbAyTcE",0.0864049643278122,0.0902301520109177,0.0915754958987236,0.0906059220433235,0.0909330546855927
"KnNyl3rV",0.00412527937442064,0.00542513653635979,0.0102733792737126,0.00637823017314076,0.00990057084709406
"Kp2DG8TZ",0.0149425566196442,0.0182029232382774,0.0212169475853443,0.0218812022358179,0.0216368157416582
"KqQtKWs5",0.0445362403988838,0.051032293587923,0.0516575202345848,0.0493822433054447,0.052479200065136
"Ku27g63R",0.0152064161375165,0.0202450416982174,0.0194453485310078,0.0199420657008886,0.0215981956571341
"L2aTVqDq",0.0416695587337017,0.0440190806984901,0.0453945733606815,0.0447461381554604,0.0442276671528816
"L5jvq6G4",0.0526936091482639,0.060646902769804,0.0559750199317932,0.0605654120445251,0.0599963068962097
"L91hYVQl",0.0599107705056667,0.0631755813956261,0.0635363161563873,0.0623163767158985,0.0663120225071907
"LINAMlbA",0.0265412069857121,0.0339068323373795,0.0340953953564167,0.0323700532317162,0.0400907285511494
"LJoUNXSx",0.0498300120234489,0.0492195077240467,0.0525345727801323,0.0482401140034199,0.052457969635725
"LLtSiyWD",0.014792894013226,0.0159866418689489,0.0186647679656744,0.0148351052775979,0.0197332203388214
"LQJtV8kn",0.0493227913975716,0.0528930388391018,0.0533772595226765,0.0507924966514111,0.0536866374313831
"LW9uddw7",0.0168837085366249,0.0212481785565615,0.0190678332000971,0.0184672921895981,0.0183042362332344
"LZ6sdBTR",0.0768210142850876,0.0800831019878387,0.0826055407524109,0.0790547505021095,0.0785660371184349
"La2Vhnne",0.0328473001718521,0.039230652153492,0.0438883379101753,0.0374106951057911,0.0424298234283924
"LaUWSq9B",0.00161139178089797,0.00497523974627256,0.00867202132940292,0.00371494446881115,0.00938732083886862
"Lk4SfkPQ",0.0262068659067154,0.0300988256931305,0.0327098369598389,0.0336208827793598,0.0332669019699097
"LllC836d",0.094130776822567,0.097020335495472,0.0991530194878578,0.104816257953644,0.100407160818577
"LuGiGeWN",0.0470027811825275,0.0523948669433594,0.0559598319232464,0.0513461716473103,0.0607736110687256
"LzcyHcWa",0.0294058080762625,0.0341704189777374,0.0351826697587967,0.0342479236423969,0.0377904288470745
"M7veP0H4",0.0721606016159058,0.0774767845869064,0.0810003951191902,0.0772998407483101,0.0802343487739563
"MB8aaJUc",0.0575658902525902,0.0674866512417793,0.0662733688950539,0.0723182931542397,0.0667859390377998
"MDpe2zuy",0.0351316630840302,0.0402686968445778,0.0403287895023823,0.0401281490921974,0.0399926416575909
"MEzdmEIU",0.0107973143458366,0.019563116133213,0.021900488063693,0.0203999560326338,0.0203078519552946
"MVnhtivm",0.0346945784986019,0.0406594946980476,0.0427772216498852,0.04002495855093,0.0428800135850906
"MYU7WDis",0.0740057453513145,0.078948512673378,0.0814349129796028,0.079684391617775,0.0806728377938271
"MZFqh6yw",0.0286979898810387,0.0311644449830055,0.037047766149044,0.0292409267276525,0.0309573020786047
"Mdgy4SsO",0.0634732022881508,0.0697661116719246,0.0774141922593117,0.0758284479379654,0.0746464133262634
"Mj8awnzy",0.062750518321991,0.0662524476647377,0.0746559277176857,0.0695069283246994,0.0682847052812576
"MpFPbUJy",0.086374506354332,0.0930451080203056,0.0982941761612892,0.0961355045437813,0.0982442647218704
"Mqk7MFBM",0.0463066101074219,0.0515822470188141,0.0482613146305084,0.0459343157708645,0.0520864576101303
"Mqs2t1Eo",0.076380543410778,0.0805278718471527,0.0821463838219643,0.0794904083013535,0.0783973559737206
"Mv3jFVxp",0.0567725524306297,0.0634245276451111,0.0602016896009445,0.0598899982869625,0.0612109042704105
"MxODTXvA",0.10432955622673,0.105522572994232,0.107731766998768,0.103561401367188,0.107612244784832
"N46PbpPM",0.0181547049432993,0.0216414369642735,0.0232322607189417,0.0194980278611183,0.0221868436783552
"N5S5F9Gk",0.0675155520439148,0.0737337991595268,0.0784533694386482,0.0740554556250572,0.0784575566649437
"NLDg5fqw",0.0573806241154671,0.0656847208738327,0.0646576061844826,0.0612604059278965,0.0622159577906132
"NOho2ZiM",0.100073404610157,0.0970030799508095,0.10003600269556,0.10027863830328,0.102260150015354
"NUuY7PFU",0.0382266938686371,0.0452228784561157,0.0465290136635303,0.0388607382774353,0.0504048615694046
"NV1e8AEO",0.0640813410282135,0.0698986575007439,0.0698508843779564,0.0688610672950745,0.0742486417293549
"NZLXROKC",0.105420961976051,0.105897210538387,0.107574552297592,0.107408456504345,0.109552994370461
"NaJo7C6o",0.0422466099262238,0.0514611974358559,0.0540996864438057,0.0519843176007271,0.0568659491837025
"NgsyGkrO",0.0635092929005623,0.0685047432780266,0.071416974067688,0.0671297386288643,0.0704243257641792
"NjOx4Zpo",0.0399057045578957,0.0502908192574978,0.0503249019384384,0.0458299107849598,0.054321501404047
"NmQoI7x0",0.0216009598225355,0.0267165470868349,0.0304847825318575,0.030214685946703,0.0308417845517397
"No4wkdLS",0.012305935844779,0.020792493596673,0.018070362508297,0.0202930849045515,0.0212253890931606
"NouMwhOf",0.0675796568393707,0.0717687904834747,0.0684378370642662,0.0710634365677834,0.0647037476301193
"O6YAWd8C",0.062366534024477,0.06300338357687,0.0656462237238884,0.0657098665833473,0.071232907474041
"OAXVphSh",0.0904845595359802,0.101601593196392,0.0916630104184151,0.0944549217820168,0.097139798104763
"OJBBhb6Q",0.115794532001019,0.116732597351074,0.121359117329121,0.120857171714306,0.124057590961456
"OSIQXImL",0.0214954577386379,0.0243555996567011,0.0279040932655334,0.0224276967346668,0.0256912093609571
"OUUFc5Zz",0.0472526773810387,0.0461054183542728,0.0488037206232548,0.0459372885525227,0.04829141497612
"OVk1lquT",0.0518172420561314,0.057989127933979,0.0612096376717091,0.055998258292675,0.0663215592503548
"OXdRxjzz",0.0881152227520943,0.091191478073597,0.0928481668233871,0.0914275720715523,0.0951076522469521
"OXxW2ekf",0.0982597470283508,0.100618928670883,0.102458253502846,0.10162391513586,0.105831414461136
"OXz5OpqR",0.0752675533294678,0.0820992887020111,0.0774872153997421,0.0819575116038322,0.0843041241168976
"OcBFW1AX",0.129133507609367,0.13146036863327,0.130195781588554,0.133615300059319,0.13207334280014
"Of9V2rpt",0.0515480972826481,0.0591722726821899,0.0526858977973461,0.0551516674458981,0.0599899142980576
"OfLxPhbG",0.0594061724841595,0.0647474378347397,0.0653873085975647,0.0642149895429611,0.0658057704567909
"Ojx2vi48",0.0579335689544678,0.0624254941940308,0.0656857863068581,0.0636552572250366,0.0675273686647415
"P3M32iuT",0.017180697992444,0.0243028700351715,0.0233958996832371,0.0240971092134714,0.0265222657471895
"P7olVzrO",0.0671958103775978,0.067134365439415,0.0748185068368912,0.067463606595993,0.0732706189155579
"PAPHErnv",0.0495160259306431,0.0490421019494534,0.0499881766736507,0.045201200991869,0.0531077086925507
"PBjEtfXb",0.0220040678977966,0.0288796592503786,0.031272366642952,0.02810381911695,0.0310554318130016
"PZGpoBBj",0.0526142120361328,0.0603405125439167,0.060084629803896,0.0596596002578735,0.0626288801431656
"Pc2RrxXS",0.0416174381971359,0.0472221001982689,0.0456370860338211,0.0430739410221577,0.0469080023467541
"PcHQ4FOu",0.0470917448401451,0.0514308363199234,0.0534575171768665,0.0518396347761154,0.0521440505981445
"PeNyTOVN",0.0828760415315628,0.0867598578333855,0.0896404162049294,0.0860891193151474,0.0856189578771591
"PhUPSU53",0.0461605526506901,0.0502758286893368,0.0530368275940418,0.0490285754203796,0.0535451918840408
"PmUNeV2O",0.0708063766360283,0.0776055231690407,0.0763490200042725,0.0787907093763351,0.0842461660504341
"PoDJ0uvK",0.0559744238853455,0.0596935898065567,0.0571243204176426,0.0565669313073158,0.0584699809551239
"PsUJdJdg",0.0602856315672398,0.0641356185078621,0.0671325773000717,0.0648122727870941,0.0664383918046951
"Q3xLFx1f",0.02118587680161,0.0286135710775852,0.0322641357779503,0.0279506016522646,0.0283533148467541
"QBGxCvdM",0.0248325057327747,0.0319088995456696,0.0329760387539864,0.0308525487780571,0.030710443854332
"QCEPyu6L",0.0201903972774744,0.0280141942203045,0.0298576187342405,0.0289534125477076,0.0316471494734287
"QEfwec4s",0.0280661415308714,0.0306883901357651,0.0329259969294071,0.0295983627438545,0.0324841886758804
"QZ87Nnr3",0.0329166613519192,0.0380626320838928,0.0380583144724369,0.0347427353262901,0.039358377456665
"QlyGN9jv",0.0168819930404425,0.0184073150157928,0.0212471410632133,0.0169408563524485,0.0208351276814938
"QqgWE1ny",0.0256042052060366,0.0312839224934578,0.0311331246048212,0.0277725048363209,0.031610582023859
"QrjjBpZd",0.0826505720615387,0.0867738500237465,0.0882776230573654,0.0868477672338486,0.0901011675596237
"QsaBiX7V",0.102997750043869,0.104161530733109,0.106558285653591,0.102846026420593,0.106264606118202
"QtBKJuZk",0.0492866709828377,0.055683720856905,0.0567572265863419,0.0561879687011242,0.0627352818846703
"QtPRO8OJ",0.0532471165060997,0.0593281686306,0.0641199722886086,0.0566115528345108,0.0646365955471992
"R8XcsFnp",0.0822904855012894,0.080315850675106,0.0846510678529739,0.0828853622078896,0.0794996097683907
"RROfRt9z",0.054188285022974,0.0577516220510006,0.061366368085146,0.0578278116881847,0.0604007206857204
"RTcbiDGq",0.0553815588355064,0.0617280192673206,0.0625710263848305,0.0596961639821529,0.0657005980610847
"RVidM9g0",0.091157466173172,0.0936860963702202,0.09470484405756,0.0888079926371574,0.0940143838524818
"RZnQSH19",0.043027475476265,0.0526993200182915,0.057702548801899,0.0492415726184845,0.0534442365169525
"Rc4UK7fT",0.0912046059966087,0.0873889327049255,0.094087116420269,0.0904506519436836,0.0846253633499146
"RcKBKh6B",0.0877833440899849,0.0913927853107452,0.0955041795969009,0.0923827663064003,0.0930366292595863
"ReM5kDa5",0.00273430463857949,0.00446350499987602,0.00939447712153196,0.00330793205648661,0.00964609906077385
"RfntsotG",0.00267810397781432,0.0119177754968405,0.0148401167243719,0.0121062956750393,0.0149963833391666
"RiXMlzXD",0.118518605828285,0.119865499436855,0.124047510325909,0.124135963618755,0.126808896660805
"Rik83O3m",0.0421230904757977,0.0501415207982063,0.0530327633023262,0.0482701323926449,0.0504939928650856
"S3PCzDzO",0.10513699054718,0.108996078372002,0.10789742320776,0.11354224383831,0.11288944631815
"S77BviOJ",-0.00327277230098844,-0.00151028030086309,0.00427919300273061,0.00177776732016355,0.00253499369136989
"SDdvtktF",0.0541556477546692,0.0633446425199509,0.0613839775323868,0.059115968644619,0.0623169988393784
"SHs1AyfM",0.0503432340919971,0.0566376633942127,0.0563501566648483,0.0530109703540802,0.0566727556288242
"SO4zQy9k",0.0732126086950302,0.0769837871193886,0.0765078291296959,0.0758138671517372,0.074819877743721
"SOOBCoiG",0.0990774929523468,0.10343461483717,0.10474057495594,0.105046950280666,0.109188623726368
"SXkkPB7A",0.0119303418323398,0.0143900727853179,0.0163695607334375,0.0123917106539011,0.0154778640717268
"Sa93dGqq",0.0785410702228546,0.0794463828206062,0.0819980278611183,0.0748351439833641,0.0799332112073898
"SonIG72a",0.0135605810210109,0.0174844674766064,0.0187825486063957,0.0153081556782126,0.0189955569803715
"Suf6hIBc",0.0770033895969391,0.0851912871003151,0.0853056758642197,0.0833689942955971,0.0839672535657883
"Sx2JeSRz",0.058849822729826,0.0744805857539177,0.0701516345143318,0.0720521509647369,0.0618897378444672
"T1Tlftr4",0.0833813473582268,0.0855304077267647,0.0877674296498299,0.0856390371918678,0.0885690748691559
"T7ulR4ci",0.0592813976109028,0.069221705198288,0.0718176439404488,0.0658653303980827,0.0725031197071075
"TA1NB3Br",-6.84262558934279e-05,0.00182040513027459,0.00524425320327282,0.00201557157561183,0.00320024532265961
"TFZUskaK",0.0453577153384686,0.0561279691755772,0.0564691349864006,0.0527107380330563,0.0581780597567558
"TNL8HGWZ",0.0220947209745646,0.0279872994869947,0.0252760034054518,0.0255083721131086,0.0296436604112387
"TZ8z1GSF",0.0332557298243046,0.0366712585091591,0.0389869101345539,0.0354852899909019,0.0410679504275322
"TqhRvkJJ",0.0649991780519485,0.0691303238272667,0.0710235312581062,0.0699908807873726,0.0701956227421761
"TtJCUiY4",0.0491676181554794,0.053060457110405,0.0517306476831436,0.049026433378458,0.0534720495343208
"TwDq0lua",0.0598052814602852,0.0662926435470581,0.0658188089728355,0.0651666894555092,0.0658144131302834
"Tzyf02sI",0.0784790962934494,0.0826093778014183,0.0820667669177055,0.0826806128025055,0.0829984396696091
"U3yI6ZS5",0.0587249025702477,0.0626062825322151,0.0633449777960777,0.0612068846821785,0.063641682267189
"UBLnXZAN",0.0201373435556889,0.0268474128097296,0.0293375290930271,0.0267027299851179,0.0259340796619654
"UBWDzleg",0.0464414209127426,0.0568813011050224,0.0566291883587837,0.0517155975103378,0.0562301799654961
"UBqkX6SY",0.0700585767626762,0.0743658468127251,0.0694532692432404,0.0696898773312569,0.0741831660270691
"UCIAi1Aj",0.049891147762537,0.0559811368584633,0.0576640963554382,0.0520224794745445,0.0547132156789303
"UPbXGvCS",0.0358112379908562,0.0358668752014637,0.0384686700999737,0.0377202332019806,0.040373008698225
"UeWm1l9F",0.110417053103447,0.123636990785599,0.119108267128468,0.129745990037918,0.124164313077927
"UhucscY7",0.087236575782299,0.0900919511914253,0.0925101786851883,0.0911109149456024,0.0936322659254074
"Uri1SvHV",0.0701096951961517,0.076587975025177,0.0767045617103577,0.0744732916355133,0.0788020044565201
"UzxipGJS",0.0599819757044315,0.061353150755167,0.0640346482396126,0.0616225935518742,0.0629762932658195
"V74zfaAQ",0.0551518015563488,0.0575705878436565,0.0581791549921036,0.0561340898275375,0.0589159056544304
"VBPxBLTh",0.0622580647468567,0.073832131922245,0.0749344453215599,0.073228657245636,0.0714847445487976
"VLG7CXYS",0.0273529831320047,0.0356734544038773,0.0370195358991623,0.0335313864052296,0.0392339676618576
"VNk52SpF",0.0745130032300949,0.0753581970930099,0.079912506043911,0.0808894336223602,0.0805262625217438
"VOREKsok",0.0216976292431355,0.0280054807662964,0.0292294062674046,0.0281074084341526,0.0307643879204988
"VRhTr5pX",0.0557574518024921,0.0600294545292854,0.0590025074779987,0.0557558350265026,0.0579456798732281
"VTcG4Kcw",0.0946612879633904,0.0898247435688972,0.0867875441908836,0.0870993211865425,0.0856509804725647
"VeKiWSbS",0.0505435913801193,0.052865382283926,0.057611983269453,0.0487727485597134,0.0552328750491142
"VnU8nJHU",0.0625148564577103,0.0687275901436806,0.0688034743070602,0.0678356289863586,0.0748197287321091
"VueNCxYv",0.0668826177716255,0.0745130404829979,0.0784795731306076,0.0788586735725403,0.0786237716674805
"VxuQTRUl",0.0753673017024994,0.0795720145106316,0.0852913111448288,0.0841443836688995,0.0863736346364021
"W5lgaocA",0.0478226877748966,0.0526955090463161,0.0550931394100189,0.0510270185768604,0.0596931278705597
"W5mMq9Ef",0.0794160962104797,0.0774987936019897,0.084329791367054,0.0773498639464378,0.0766504481434822
"WDhNqFpS",0.110919386148453,0.113130867481232,0.116889610886574,0.115468829870224,0.118645392358303
"WE6n1kZi",0.030901663005352,0.0350375473499298,0.0370252728462219,0.0354948192834854,0.0387071929872036
"WFk6r3vA",0.0842662751674652,0.0895480662584305,0.0951588749885559,0.09498330950737,0.0907343253493309
"WFyIrsUR",0.00280608329921961,0.0122964708134532,0.0136981811374426,0.012785829603672,0.0148135228082538
"WG6ZAsqR",0.0586495213210583,0.0656054019927979,0.065734401345253,0.0625468492507935,0.0671158134937286
"WMq3CZQk",0.0503557398915291,0.0521434992551804,0.0529205463826656,0.0546735413372517,0.0521926023066044
"WRskmGjh",0.0213411804288626,0.02340317517519,0.0276963226497173,0.0219469275325537,0.0305226687341928
"WXijSglj",0.0416790619492531,0.049358356744051,0.0540367141366005,0.0489468835294247,0.0519072972238064
"Wc0stQgu",0.0339678339660168,0.0402890518307686,0.0425999537110329,0.0384278409183025,0.0418557859957218
"WewoSCUB",0.0902571082115173,0.0990582779049873,0.0984867662191391,0.100472621619701,0.103256218135357
"WuHuhHWJ",0.0829649493098259,0.0872914120554924,0.0932058542966843,0.0886759459972382,0.0898761227726936
"Wv7EBtZb",0.0773050040006638,0.078561395406723,0.0771669968962669,0.0843895971775055,0.0812876224517822
"WyPlxDn0",0.0492824204266071,0.0541584044694901,0.0570842623710632,0.0520096085965633,0.0577864162623882
"X3WqoSNN",0.023181289434433,0.0296209380030632,0.0285117346793413,0.0275574866682291,0.0288726780563593
"XDhyP9KB",0.00242134719155729,0.00530584948137403,0.00882848910987377,0.00553024467080832,0.00521524343639612
"XQxhDRMG",0.0481322593986988,0.0546539090573788,0.0508002936840057,0.0503215938806534,0.0541348420083523
"XjLNAwxW",0.0881474614143372,0.0908354297280312,0.0928706452250481,0.0922117158770561,0.0913102626800537
"XjfVQbXd",0.106847494840622,0.10992156714201,0.112454421818256,0.107895404100418,0.10891218483448
"Xovczbf6",0.0895902365446091,0.0931241661310196,0.0939880087971687,0.0912043377757072,0.0934237986803055
"Y8H4onBf",0.0603495500981808,0.0630737170577049,0.0637750774621964,0.0595189444720745,0.0616286098957062
"Y8YgzSZ9",0.0633823573589325,0.0741739645600319,0.0751466974616051,0.0739483684301376,0.0702983140945435
"YC4PNV20",0.0583618171513081,0.0620818249881268,0.0650776699185371,0.0610924884676933,0.0653504207730293
"YDHSCRdd",0.0502700880169868,0.05695516243577,0.0574661046266556,0.0557532012462616,0.0597615316510201
"YIJ87aME",0.0463251322507858,0.0547078065574169,0.0487706772983074,0.0513943731784821,0.0556096620857716
"YKvT4dFv",0.072144940495491,0.0771047621965408,0.0777572616934776,0.0785245597362518,0.0812333524227142
"YNebALR2",0.0678688585758209,0.0747378021478653,0.0754902213811874,0.0751817300915718,0.0804537311196327
"YNrnqFyb",0.103522010147572,0.101272001862526,0.105281069874763,0.109020829200745,0.103444084525108
"YUZ4lR3m",0.0872524529695511,0.0915914103388786,0.093109019100666,0.0898059532046318,0.0903457924723625
"YYLvjoVC",0.0176104325801134,0.0187939945608377,0.0208892282098532,0.016410706564784,0.0203051846474409
"Yb8OtMb2",0.0461563877761364,0.0532101318240166,0.0482353009283543,0.0478594414889812,0.0544235222041607
"Ycg4lTYw",0.0996289104223251,0.0986842885613441,0.0985760167241096,0.104146853089333,0.0982223004102707
"Yfk6tekH",0.0783353447914124,0.0825362205505371,0.0833967700600624,0.0842706188559532,0.0858428254723549
"YoSfgmR6",0.0864683836698532,0.0891044959425926,0.0898511633276939,0.091136246919632,0.0943709835410118
"YpzFvexy",0.0608675591647625,0.0637553930282593,0.0652368292212486,0.0681408569216728,0.0703525692224503
"Yxqppfa3",0.00472798151895404,0.00819927267730236,0.00812489632517099,0.00954326614737511,0.00915629044175148
"Z16jTUvP",0.0396179035305977,0.0423414148390293,0.0440871752798557,0.0420917309820652,0.0477924719452858
"Z2BdCCbJ",0.0531426481902599,0.0564616434276104,0.0627331435680389,0.0594663210213184,0.0577344074845314
"Z2JJMM6V",0.0659704655408859,0.0736689567565918,0.0759321376681328,0.0747189074754715,0.074556477367878
"Z5jE1OB5",0.0600700490176678,0.0654544606804848,0.0664100646972656,0.0678998380899429,0.0659826174378395
"ZFsIqYxA",0.0575043000280857,0.0596909150481224,0.0622743777930737,0.0564492531120777,0.0633618384599686
"ZHDVsoRh",0.0385588854551315,0.0418594442307949,0.0470405928790569,0.0410196185112,0.0435393936932087
"ZSmfu2Fc",0.108504086732864,0.114743612706661,0.119964383542538,0.118155382573605,0.120555385947227
"ZU8YXF3H",0.0722449570894241,0.0724600553512573,0.0802992209792137,0.0792784467339516,0.0798471868038177
"ZXKaNy6Z",0.060098335146904,0.0634171888232231,0.0681817084550858,0.0636474192142487,0.067007027566433
"ZbYLo0zK",0.0780097171664238,0.0810932666063309,0.0836876556277275,0.0833436921238899,0.0812396854162216
"ZedN8Gcn",0.0662278831005096,0.0729342848062515,0.0740253627300262,0.0724192708730698,0.0751355066895485
"ZgD4Dau6",0.10070414096117,0.101047456264496,0.10241125524044,0.10276635736227,0.104721158742905
"Zgzf79LA",0.0473198890686035,0.0506119653582573,0.0566370226442814,0.0490967445075512,0.0527764186263084
"ZjqzxDOF",0.0511030368506908,0.0594491846859455,0.0625365823507309,0.0592442601919174,0.0644847527146339
"ZsZ5aDpq",-0.0152766834944487,-0.00566795328631997,-0.00683500804007053,-0.00504973810166121,-0.00731796072795987
"ZtyqE7If",0.0393589362502098,0.0443044416606426,0.0445932187139988,0.0413573831319809,0.0453787595033646
"ZvUgz01f",0.0316371768712997,0.039206575602293,0.0394419096410275,0.0396709963679314,0.0421065725386143
"ZwrhgdQV",0.0164661500602961,0.018897408619523,0.0226633604615927,0.0179067458957434,0.0221650414168835
"a7bhJGBU",0.0343619547784328,0.0404678285121918,0.0462640076875687,0.03931500390172,0.0443629138171673
"aHpv6KzP",0.043797429651022,0.047649122774601,0.052166722714901,0.0442437380552292,0.0504649467766285
"aINzEBVN",0.035438496619463,0.0430700778961182,0.0394632592797279,0.0383042171597481,0.0454075448215008
"aP9EtTGF",0.119257904589176,0.120577737689018,0.12507663667202,0.123088002204895,0.126849964261055
"aV6EhtSL",0.0450922064483166,0.0546559207141399,0.0517637021839619,0.0501304343342781,0.0530782118439674
"aVZsXKoH",0.0358629189431667,0.0371298603713512,0.0432887524366379,0.0397319011390209,0.0411546304821968
"aYVnVJvc",0.0915360972285271,0.100622422993183,0.101267799735069,0.103186175227165,0.0988108441233635
"abCzN1zx",0.058510709553957,0.0620014443993568,0.069336511194706,0.0712114050984383,0.075422041118145
"ae7sMiB4",0.0328029729425907,0.0381294116377831,0.0388486944139004,0.0371739082038403,0.0414400435984135
"afsVuCGV",0.0302234012633562,0.0328304246068001,0.0341076031327248,0.0310944113880396,0.0325429476797581
"aiwBQETI",0.0654260888695717,0.0668316781520844,0.0679966509342194,0.0661748796701431,0.063934326171875
"aiyli4EI",0.116869941353798,0.118480004370213,0.121812045574188,0.121987298130989,0.123885601758957
"apJ7NmzD",0.0193815864622593,0.0205106623470783,0.0227602478116751,0.0227309726178646,0.0234812274575233
"atVjNMtQ",0.0796959325671196,0.0866804346442223,0.0873542353510857,0.0947464108467102,0.0898299068212509
"b5GirVGV",0.0475870296359062,0.0536122359335423,0.0567510984838009,0.0544642247259617,0.0598784945905209
"b9SpMjNB",0.0671975687146187,0.0714531019330025,0.0728906542062759,0.0735451504588127,0.0753023698925972
"bAFs37yy",0.063349537551403,0.0714418068528175,0.0795582085847855,0.072422593832016,0.0722552910447121
"bDia1hHV",0.088541254401207,0.08871179074049,0.0855046510696411,0.0905657336115837,0.0865530222654343
"bFkv5Mtr",0.0618346855044365,0.0679025128483772,0.0632222965359688,0.0651473850011826,0.0694917216897011
"bHe2IXgA",0.0815752074122429,0.0908564627170563,0.0972126200795174,0.0899915397167206,0.0923128947615623
"bWX3vUm5",0.0599197298288345,0.0613831169903278,0.0678940638899803,0.065497413277626,0.0662923902273178
"bat8tcGs",0.0633287727832794,0.0632094591856003,0.0649882256984711,0.0645837336778641,0.0676056444644928
"bfjej4wu",0.0477440245449543,0.0516467317938805,0.0538343973457813,0.0533676780760288,0.0537496581673622
"bh04YDiP",0.0353997126221657,0.0384472981095314,0.0412971787154675,0.0415440239012241,0.0435985289514065
"c110Fdc8",0.0313835218548775,0.0351567938923836,0.0351237021386623,0.0335948430001736,0.0385252237319946
"c32GUzMa",0.018852461129427,0.0244734492152929,0.0211862213909626,0.0231195725500584,0.0298299696296453
"cT6uU0B0",0.0668355673551559,0.0743674263358116,0.0872366800904274,0.0818765163421631,0.0796982645988464
"cWXCiFwh",0.0151288462802768,0.0236389525234699,0.0254344344139099,0.0198842994868755,0.0264024157077074
"ceNvS3yd",0.0940753072500229,0.0978464931249619,0.0990692898631096,0.0972206741571426,0.100272946059704
"cmwdt4Av",0.0901828408241272,0.0931708440184593,0.0941144451498985,0.0932958051562309,0.098591648042202
"cn4EHsup",0.00215075141750276,0.0116628743708134,0.0140667669475079,0.00987974833697081,0.0126470206305385
"crVOGGTT",0.0452865734696388,0.0465939976274967,0.0468350984156132,0.046145174652338,0.0511548854410648
"csPEJ1E5",0.108473338186741,0.104263328015804,0.107830762863159,0.110024660825729,0.112817957997322
"d0UrRtMk",0.0270552504807711,0.034314326941967,0.0322245061397552,0.0295994319021702,0.034773264080286
"d6LU4G4I",0.0336042940616608,0.0386563576757908,0.0402081534266472,0.04368981346488,0.0406944788992405
"d74T1DVv",0.0391779765486717,0.0476506985723972,0.0513996854424477,0.0488876886665821,0.0512169152498245
"dR6rM1tQ",0.0821772217750549,0.0813189744949341,0.0807988941669464,0.0844550356268883,0.0874642133712769
"dUNxOoqg",0.0900410115718842,0.0934701263904572,0.0956834405660629,0.0943513736128807,0.0974594280123711
"dUnlyhj7",0.0178431589156389,0.0239796247333288,0.0278899557888508,0.0243563484400511,0.0266842655837536
"dVDlnZQ6",0.028372623026371,0.0375735424458981,0.0365515761077404,0.0356571711599827,0.0436645336449146
"dVT26GDu",0.0573927462100983,0.0560589246451855,0.0589935258030891,0.0574277006089687,0.0617153979837894
"de43ycXY",0.0327716395258904,0.0369135215878487,0.0412116460502148,0.0370245203375816,0.0437382087111473
"dfIn7m9z",0.0381034649908543,0.0414561629295349,0.0450677163898945,0.0398121550679207,0.0433208011090755
"dhmb9ZY9",0.0941499024629593,0.0960471704602242,0.0975864008069038,0.100661240518093,0.0977162718772888
"dn8kCuyf",0.110515870153904,0.1125503256917,0.111977607011795,0.111852422356606,0.117042399942875
"dpcquvWW",0.0846464484930038,0.0828248709440231,0.0855181887745857,0.0849507227540016,0.0845727175474167
"dqcbIMyr",0.0519333221018314,0.0496833920478821,0.0532460324466228,0.0510745570063591,0.0562857836484909
"drWgsBf5",0.0450541712343693,0.0526538528501987,0.0559616982936859,0.0484514869749546,0.0584881417453289
"dytx0HSe",0.087973028421402,0.0939541310071945,0.0926598832011223,0.095033772289753,0.0956525355577469
"e4KkkIha",0.0378170162439346,0.0442617051303387,0.0441928394138813,0.041683591902256,0.0453443787992001
"e9YorH4m",0.0149098355323076,0.0163804739713669,0.0165548734366894,0.0209087915718555,0.0187853965908289
"eB9gVQ0R",0.0672087445855141,0.0701698288321495,0.074649840593338,0.0705944150686264,0.0700552240014076
"eMhLFqU6",0.0775043591856956,0.0824552774429321,0.0855711475014687,0.081948921084404,0.084076777100563
"eMllg1qm",0.0445040501654148,0.0456534028053284,0.0474834591150284,0.0487144030630589,0.0468962974846363
"eNPunZ9i",0.0170155744999647,0.0253060776740313,0.0261951051652431,0.0219116397202015,0.0213924311101437
"eS5BSM4J",0.00706316391006112,0.0111955180764198,0.0146416639909148,0.00994513649493456,0.014949219301343
"eVGMFoOI",0.0775511860847473,0.0821743905544281,0.0835987254977226,0.080186516046524,0.0810119807720184
"eaIwb3rG",0.046810757368803,0.0511071346700191,0.0495336018502712,0.0481244325637817,0.0545360408723354
"eyzw8Vis",0.0217464696615934,0.0261383317410946,0.0271463952958584,0.0279145445674658,0.0290746167302132
"f04Ke2bN",0.0636711940169334,0.0720234364271164,0.0687666311860085,0.0732316374778748,0.0724907591938972
"f4GA0te1",0.0665759891271591,0.0729188397526741,0.0771435275673866,0.0763625577092171,0.0779518038034439
"f7bd91h5",0.037015076726675,0.0457198359072208,0.0450724251568317,0.0438206642866135,0.0505433455109596
"fB7z9ndr",0.103457115590572,0.100812792778015,0.102684490382671,0.105463989078999,0.105430208146572
"fEe7AWFA",0.0432498976588249,0.0484371595084667,0.0512809827923775,0.0450336113572121,0.0503236278891563
"fJJIbgY9",0.0199565030634403,0.0270782131701708,0.0288604479283094,0.0269208196550608,0.027612928301096
"fQBURMvg",0.0654616355895996,0.0607207864522934,0.0702505186200142,0.0697481334209442,0.0665971860289574
"fS0HpOub",0.0687497407197952,0.0735267773270607,0.0778733193874359,0.073029562830925,0.0748579204082489
"fTDXauuk",0.0406026244163513,0.0478562787175179,0.0490152128040791,0.0472355931997299,0.0523295998573303
"favPNA2N",0.070689469575882,0.0701956450939178,0.0768003687262535,0.0754994377493858,0.0749966651201248
"g3Fv0U4k",0.0888084843754768,0.0927849858999252,0.0970179885625839,0.0958348289132118,0.0931035131216049
"g5PKo2E2",0.096466526389122,0.0983031094074249,0.0962046086788177,0.0978406816720963,0.0992468670010567
"gbjnD5fe",0.00583820696920156,0.0133948773145676,0.0126877306029201,0.012688210234046,0.0142385745421052
"ge9zqXCv",0.115940652787685,0.110445141792297,0.113412454724312,0.114880666136742,0.115825064480305
"geeqJpSE",0.0499517470598221,0.0552564226090908,0.0539429299533367,0.0524611808359623,0.0556868314743042
"gqy1J2RS",0.0536312684416771,0.0623010657727718,0.0655528753995895,0.0638631358742714,0.0613707043230534
"grlUtS3H",0.100770428776741,0.102146983146667,0.104982271790504,0.10425266623497,0.108776211738586
"gx965KYj",0.0528510585427284,0.0593954101204872,0.0606226287782192,0.0564339533448219,0.0631361231207848
"h3F08Vjm",0.0556867830455303,0.0647896602749825,0.0600328892469406,0.0540805235505104,0.0532934106886387
"h6FQG8Iy",0.0374310649931431,0.0410915985703468,0.042438630014658,0.0423421263694763,0.0410311073064804
"h7ftM8b3",0.0722465664148331,0.0776948034763336,0.0807389318943024,0.078756146132946,0.0773459076881409
"hLrCHXZv",0.0464033968746662,0.0489316545426846,0.0565074533224106,0.0469994284212589,0.0489718988537788
"hQ6VBuFx",0.10675810277462,0.110111318528652,0.109710961580276,0.105499014258385,0.112666018307209
"hYoR2y7w",0.08406962454319,0.0873459354043007,0.0874763131141663,0.0845019370317459,0.0917987003922462
"hf65yZkM",0.0476318039000034,0.0574316643178463,0.0594800487160683,0.0559227839112282,0.0599717274308205
"hjuwe1x4",0.0825806260108948,0.0924849286675453,0.101622015237808,0.0983363762497902,0.0917768850922585
"hyINlsFR",0.0715532526373863,0.076623760163784,0.0785215273499489,0.0772209241986275,0.0789376422762871
"i0Qlm9Bv",0.0756852030754089,0.0834325179457664,0.0858087539672852,0.0820291712880135,0.0852249413728714
"i1VxfxMb",0.0889748260378838,0.0929218977689743,0.0941470488905907,0.0918876901268959,0.0923298820853233
"i2l6jXNP",0.0356129929423332,0.0422845296561718,0.0409741997718811,0.0387595631182194,0.0414552055299282
"i4FgPZv7",0.0553608275949955,0.0620407052338123,0.06564050167799,0.0638357102870941,0.0631485655903816
"i7XtIkSi",0.0650739744305611,0.073105126619339,0.071675032377243,0.0736870020627975,0.0733477994799614
"i9z346Ut",0.0539807789027691,0.0587339587509632,0.0593670643866062,0.0564906820654869,0.0610341019928455
"iDOat4cZ",0.0526013933122158,0.0554163195192814,0.0561845786869526,0.0563052445650101,0.0578488260507584
"iNv6RoSO",0.0471569709479809,0.0512551479041576,0.05726333335042,0.0491294488310814,0.0552811101078987
"iSL9NYzy",0.135017529129982,0.136117577552795,0.139612823724747,0.140219300985336,0.141132533550262
"iSqVc1r8",0.0547890141606331,0.0622239746153355,0.0591312199831009,0.0578801520168781,0.0591973438858986
"iYZMftt6",0.0681144818663597,0.0712749063968658,0.0756211429834366,0.0688837543129921,0.0712601542472839
"ieTPaa3c",0.0509495735168457,0.059522520750761,0.0582906194031239,0.0537650175392628,0.057148665189743
"if7BmzU0",0.0929797887802124,0.0859073251485825,0.0922772139310837,0.0939325615763664,0.0886058360338211
"ihNz5bmx",0.0465641207993031,0.0508224293589592,0.0548352189362049,0.049075786024332,0.0547365359961987
"ikJXKdIN",0.110125347971916,0.118956238031387,0.120815426111221,0.119665674865246,0.122291907668114
"iq2kxikN",0.035120252519846,0.0410485006868839,0.0435344874858856,0.0399381220340729,0.04169812053442
"iuZEDJK7",0.0273140966892242,0.0297548770904541,0.0312845520675182,0.0364106222987175,0.0331191644072533
"iyF8gVT7",0.110511101782322,0.112392589449883,0.113979436457157,0.112740635871887,0.116826124489307
"j06qdQ0V",0.063639260828495,0.0689418837428093,0.0665139108896255,0.0695702433586121,0.0697124600410461
"j7hl8svO",0.0963873639702797,0.0937606990337372,0.0986291393637657,0.0993092507123947,0.0974568128585815
"j8hMoJUN",0.0918270424008369,0.103383705019951,0.1121761277318,0.105176210403442,0.102305881679058
"jNaFasbV",0.106930278241634,0.117018736898899,0.11271745711565,0.123784072697163,0.117348149418831
"jVVHeYHT",0.0221208315342665,0.0281142089515924,0.0284014977514744,0.0279832314699888,0.0315175913274288
"jXm4ySvK",0.10178254544735,0.104238152503967,0.10701011121273,0.106523282825947,0.111173875629902
"juO5ii5l",0.0794391483068466,0.0795515030622482,0.0805198103189468,0.0793297290802002,0.0799160972237587
"k2hdEBsU",0.0260395035147667,0.0329812541604042,0.0335347875952721,0.032853651791811,0.0351646095514297
"k3ynMfhN",0.0745068863034248,0.0785200297832489,0.0743497610092163,0.0752050280570984,0.0753065124154091
"k9C9yBtr",0.0887637808918953,0.0900764167308807,0.0940039753913879,0.0855884402990341,0.0909688025712967
"kAKRvcRo",0.0425133369863033,0.0462521389126778,0.0478322468698025,0.0467605330049992,0.048942569643259
"kBi3R2oC",0.0776201039552689,0.0761197879910469,0.0815622881054878,0.0792935490608215,0.0767205506563187
"kDWmnsXe",0.092356838285923,0.0935177206993103,0.101556479930878,0.0954681411385536,0.091077983379364
"kSGBd2Vh",0.126261577010155,0.139346569776535,0.137605354189873,0.13701930642128,0.135390162467957
"kT0miHPT",0.0933986157178879,0.0956915318965912,0.0986896529793739,0.0980050340294838,0.102816373109818
"kaW0TfRn",0.0144043555483222,0.0192043520510197,0.0251143462955952,0.0226568356156349,0.024453928694129
"kmg3SowO",0.083708755671978,0.0846038535237312,0.0862506031990051,0.0882564634084702,0.0881719291210175
"kpxKSlnF",0.115380346775055,0.120983339846134,0.123488306999207,0.123173102736473,0.128346174955368
"ku2cn1MV",0.0901035442948341,0.0906957909464836,0.0932338833808899,0.0935100987553596,0.0969499498605728
"l1su5HU9",0.0490311980247498,0.0522290430963039,0.0557875223457813,0.0497615151107311,0.0541165545582771
"l8Tg2RvD",0.0514489375054836,0.0620452612638474,0.0683670043945312,0.0489525012671947,0.0564295575022697
"lB6NsVOc",0.0817623063921928,0.0844710469245911,0.0879415348172188,0.0857890099287033,0.0862142369151115
"lEcdVyKk",0.0616325810551643,0.0707519426941872,0.0656234323978424,0.071665070950985,0.0729619339108467
"lH4TasGl",0.109246119856834,0.111812703311443,0.114014565944672,0.109250038862228,0.114781752228737
"lO9aggHW",0.0728148445487022,0.0759487003087997,0.079878456890583,0.0731245651841164,0.0754858925938606
"lW3m9Vzu",-0.00217033107765019,0.00205326569266617,0.00477034924551845,0.00204475247301161,0.00441005360335112
"lYLseGDP",0.0417286902666092,0.0513203367590904,0.0603163801133633,0.0455582477152348,0.0589330233633518
"lcOnCdZi",0.0963007509708405,0.0992993414402008,0.0993964821100235,0.0985051766037941,0.103137113153934
"le9YGwON",0.0808136835694313,0.0840919688344002,0.0870404690504074,0.0848353505134583,0.086924247443676
"llMvu3TX",0.0414455644786358,0.0455687567591667,0.0444644168019295,0.0415247268974781,0.0458809025585651
"lnHh2jFO",0.0561230629682541,0.0586364828050137,0.0630044490098953,0.0593198984861374,0.0628229379653931
"m07CVXd4",0.0357015579938889,0.0403074957430363,0.0428599081933498,0.0382806025445461,0.0459123477339745
"m1lPk91z",0.0542039908468723,0.0624129697680473,0.0574559271335602,0.0574227198958397,0.0587001070380211
"m9IQdmwa",0.0432308688759804,0.0508671402931213,0.0500329174101353,0.0484340339899063,0.0534671284258366
"mG9BRy5x",-0.0102269966155291,-0.00781449768692255,-0.00279181334190071,-0.00747097097337246,-0.00240908330306411
"mVHXnama",0.0149047318845987,0.0240453463047743,0.0237706806510687,0.0208390522748232,0.0157805271446705
"mXyrR6nU",0.0701636373996735,0.073510006070137,0.0748859569430351,0.0723098516464233,0.071917250752449
"mbzNdxNc",0.106147646903992,0.107208073139191,0.108938440680504,0.105857089161873,0.108964391052723
"mntH7g3L",0.0589465387165546,0.0689818188548088,0.058449599891901,0.0669384375214577,0.0649371668696404
"msRTXP3H",0.0693969652056694,0.0634458810091019,0.0734822377562523,0.0676860585808754,0.0708840116858482
"mxBjvIPR",0.0513969697058201,0.0591764710843563,0.0606579557061195,0.0579215660691261,0.0591714158654213
"n8Opmfbz",0.0221085641533136,0.0258664041757584,0.0270712859928608,0.0260619185864925,0.0266167968511581
"nOkgU29Q",0.0621580332517624,0.0676745027303696,0.0689358934760094,0.067197285592556,0.068911001086235
"nhttf7VM",0.0442660227417946,0.0525887086987495,0.0494055449962616,0.0494722351431847,0.0528911165893078
"njLbXYa3",0.0523978471755981,0.0552857480943203,0.0558550097048283,0.0550069473683834,0.0572274066507816
"nwkIpzmh",0.112308204174042,0.122358329594135,0.121487036347389,0.121112868189812,0.122578889131546
"nzB1R9Zg",0.0505710877478123,0.0567356608808041,0.056739691644907,0.0561226904392242,0.0591933913528919
"o1rZRI84",0.0472487360239029,0.0518141537904739,0.0491311736404896,0.0478638112545013,0.0515077188611031
"o7q5Mbty",0.0537926144897938,0.059708122164011,0.0582596100866795,0.0578813925385475,0.0579834841191769
"oCBvysqB",0.0106003861874342,0.0177875347435474,0.0165604017674923,0.0182505492120981,0.0204187836498022
"oDmycTPH",0.0220657642930746,0.0264877211302519,0.0262592528015375,0.0233094356954098,0.0275188740342855
"oFAXZvQv",0.0413156934082508,0.0505435392260551,0.050614096224308,0.0492209903895855,0.0501890480518341
"oHE3M1zX",-0.00243662507273257,0.00983757246285677,0.0081193083897233,0.00731939636170864,0.0137365665286779
"oMhVmSpV",0.00660412572324276,0.0161126237362623,0.0179517865180969,0.0156381893903017,0.0146557288244367
"oNsDqVbi",0.0616229213774204,0.0627278015017509,0.0725501328706741,0.0661139264702797,0.0670248791575432
"oYAJqQk8",0.0248296689242125,0.0314269214868546,0.0341488234698772,0.0331262573599815,0.0356266535818577
"ob5Kb6dW",0.0437591299414635,0.0542798936367035,0.0547397285699844,0.051713615655899,0.0603047050535679
"obnzqs79",0.0522469915449619,0.0562815144658089,0.0517013296484947,0.0519418157637119,0.056905347853899
"oncLcgRP",0.0931487902998924,0.0965031161904335,0.0987336859107018,0.0976668074727058,0.101221889257431
"ooWVYaAe",0.038408238440752,0.0424848720431328,0.0431864336133003,0.0391712225973606,0.0438749343156815
"osdyOUnV",0.0431112684309483,0.0501566603779793,0.0538044758141041,0.0467569567263126,0.0457764305174351
"p7H9CzCv",0.0118231801316142,0.019093232229352,0.0169770997017622,0.0182692259550095,0.02029899507761
"p7U9hVhY",0.019132362678647,0.0285294484347105,0.0289478562772274,0.0278544425964355,0.0331051088869572
"pE6Cf1RV",0.0447816699743271,0.0531830452382565,0.0547445639967918,0.050968773663044,0.0563343577086926
"pI7qzotI",0.0774172395467758,0.0826925113797188,0.0835832133889198,0.0830070823431015,0.0844536647200584
"pJrIA4sk",0.122000463306904,0.127538412809372,0.132986068725586,0.131568640470505,0.135369092226028
"pXne2CLZ",0.0401161126792431,0.0423891879618168,0.0471063517034054,0.0426617003977299,0.0465864129364491
"pZMcDIOS",0.0872988328337669,0.0902719423174858,0.0951825156807899,0.0936724618077278,0.090585008263588
"pavfp3cc",0.0794474184513092,0.0830004587769508,0.0843019261956215,0.0793524086475372,0.0812020227313042
"pbQdC5L3",0.0626611858606339,0.0704179033637047,0.0740710198879242,0.0711601376533508,0.072623573243618
"pgj7aAFP",0.0473959296941757,0.050678726285696,0.055473268032074,0.0490705408155918,0.0533246770501137
"pxg8G3ed",0.0643144473433495,0.0705360993742943,0.075561635196209,0.0738870948553085,0.0744289234280586
"q36Npk6l",0.0349674262106419,0.0413155220448971,0.0404230840504169,0.0375416055321693,0.0404034778475761
"q4aDOVvq",0.062509797513485,0.0693771615624428,0.0711183696985245,0.0728572979569435,0.069777250289917
"qGmfR9CN",0.066670261323452,0.0736753195524216,0.0755685120820999,0.0689743310213089,0.07627934217453
"qJ51ODpA",0.0541180297732353,0.0590238608419895,0.061493307352066,0.0575092434883118,0.0604773201048374
"qQX3cs3I",0.0971925035119057,0.101012080907822,0.103492632508278,0.103037498891354,0.106297187507153
"qXeIxPb8",0.0501165948808193,0.0583198815584183,0.06078115478158,0.0558538399636745,0.0590360872447491
"qYQ4MShM",0.0109041268005967,0.018224036321044,0.0145055670291185,0.0152227012440562,0.0165634956210852
"qa0etnhK",0.0851153805851936,0.0797675400972366,0.0792757645249367,0.0877272635698318,0.0807406529784203
"qbL4sboq",0.128858640789986,0.128998950123787,0.134127035737038,0.132435977458954,0.135083466768265
"qbYrsWHq",0.0212390720844269,0.0253317430615425,0.0260259099304676,0.0277143009006977,0.0306931957602501
"r1zmcUqQ",0.0454921200871468,0.0503561049699783,0.0561067387461662,0.0474858693778515,0.0518966279923916
"r54iHeQC",0.056341640651226,0.061290018260479,0.0631755217909813,0.0612357296049595,0.0618950128555298
"r6xrAnQV",0.103966794908047,0.107155293226242,0.105350747704506,0.104814328253269,0.111379943788052
"r9HxnQDg",0.0613516420125961,0.064299538731575,0.0663302838802338,0.0643313154578209,0.0687545239925385
"rG8Puuf9",0.0980964601039886,0.0915185585618019,0.103408746421337,0.0987674295902252,0.0941213592886925
"rGuiefuR",0.0531641989946365,0.0585979223251343,0.0601028129458427,0.0560001693665981,0.0600994862616062
"rJ19OhGP",0.0446534790098667,0.0481126457452774,0.0497804880142212,0.0478941686451435,0.0518487170338631
"rOCYepHd",0.070556603372097,0.0776228755712509,0.076550580561161,0.0760714113712311,0.0796705558896065
"rQJaOPFI",0.0550207048654556,0.058837253600359,0.0623699799180031,0.0591981075704098,0.0623757839202881
"rQhZtZeh",0.0344305261969566,0.0399223268032074,0.0396494381129742,0.0390465818345547,0.042804192751646
"rapmok0w",0.0631347522139549,0.0681514963507652,0.0670761466026306,0.0659663006663322,0.0719982981681824
"rgzfnPVu",0.0275431033223867,0.0301797799766064,0.0315353684127331,0.0270081870257854,0.0335380434989929
"ri4qhb1S",0.019844176247716,0.027268560603261,0.0285276733338833,0.0281472895294428,0.0311327502131462
"rqpFYzff",0.03311837464571,0.0319895073771477,0.0322303846478462,0.0337463393807411,0.0364171713590622
"rrs22coX",0.0944173187017441,0.090555302798748,0.0904418677091599,0.0925185307860374,0.0882668867707253
"sEeUCQLc",0.0471790730953217,0.0525762774050236,0.0592973567545414,0.0483275763690472,0.0457278415560722
"sHScwqQl",0.101113103330135,0.104288883507252,0.106747813522816,0.106361120939255,0.108403094112873
"sNC7DiAt",0.0725566446781158,0.0745591893792152,0.0779901966452599,0.0761186331510544,0.0769331678748131
"sNK2TSs3",0.021728465333581,0.028229895979166,0.0307287536561489,0.0294252932071686,0.0338945873081684
"sO7Su6uw",0.0266199745237827,0.0344456024467945,0.0326334163546562,0.0329555198550224,0.0355301387608051
"sOWZx89o",0.0239731315523386,0.0256183315068483,0.0284172762185335,0.0238795559853315,0.0275330357253551
"sPbRcPjC",0.0475927330553532,0.0529276765882969,0.0601585879921913,0.0532488711178303,0.053311113268137
"scVUfTKI",0.125648781657219,0.126503869891167,0.13041640818119,0.130414769053459,0.132648602128029
"seRaGeVv",0.0986283197999001,0.0977847203612328,0.0995086058974266,0.100057020783424,0.100834660232067
"sgtwiYWi",0.0782661214470863,0.0769699066877365,0.0752047523856163,0.0738436579704285,0.0767951309680939
"sjmLHcT6",0.0617075935006142,0.0659073889255524,0.0674627497792244,0.0714965015649796,0.0742507725954056
"skZUZZGS",0.0689657032489777,0.073226734995842,0.0729360952973366,0.0701810717582703,0.0752211660146713
"suAmzADX",0.055010948330164,0.0589202418923378,0.062494233250618,0.0514127686619759,0.0613098479807377
"t4GWLqlO",0.0800067633390427,0.0824252367019653,0.0843473374843597,0.0821840390563011,0.0848449841141701
"t7gy6Jyy",0.0454692244529724,0.0496230758726597,0.0482483431696892,0.0503820814192295,0.058384757488966
"tBadzH60",0.0474646054208279,0.0521747209131718,0.0484913475811481,0.0474097616970539,0.0522548966109753
"tXUWm0hp",0.0250348411500454,0.0319844596087933,0.0337822027504444,0.0329001620411873,0.0347889438271523
"te6UPPxf",0.0970255061984062,0.0984873473644257,0.102039262652397,0.100284032523632,0.103744789958
"ti2lamkL",0.0973250791430473,0.0988996624946594,0.100885398685932,0.0991401523351669,0.0962749421596527
"tr0lpwuU",0.0354123339056969,0.0463488884270191,0.0478479489684105,0.0440075844526291,0.0444229543209076
"ttdB5C73",-0.00898785516619682,-0.00834056362509727,-0.000534364022314548,-0.00926606822758913,-0.00336061837151647
"twS8YZu9",0.0624472387135029,0.0710826367139816,0.0732299238443375,0.0730774849653244,0.0713099613785744
"tx68W34H",0.0601378455758095,0.0654689520597458,0.065928727388382,0.0640586093068123,0.0672984942793846
"tyQSX4mY",0.0611253380775452,0.0643827095627785,0.0645598024129868,0.0641463622450829,0.0661567002534866
"tylKCRc0",0.0558194741606712,0.0589079558849335,0.0610099881887436,0.0586639605462551,0.0621009320020676
"u1544WUo",0.0270167235285044,0.0328952819108963,0.0317228771746159,0.0288837142288685,0.0335386730730534
"uAw9an0d",0.0511119849979877,0.0577172040939331,0.0559393763542175,0.0560010261833668,0.0597890913486481
"uLZAEXMG",0.0507434979081154,0.0565904825925827,0.0533887445926666,0.0514036603271961,0.0549055971205235
"uMwe1s7I",0.0402315333485603,0.0449365824460983,0.0490732565522194,0.0418020561337471,0.0495368801057339
"ufhGeV3q",0.0327225737273693,0.0380700975656509,0.0392825119197369,0.038094200193882,0.0384142473340034
"uhAeGBHo",0.119333446025848,0.120449624955654,0.124940983951092,0.123539075255394,0.125779017806053
"ujHNlqpw",0.0019334729295224,0.010342026129365,0.0141149284318089,0.0099468482658267,0.00857481360435486
"ulV6kuhB",0.0579545088112354,0.0626948475837708,0.0636340230703354,0.0614231862127781,0.0690580457448959
"uohEnNEK",0.0434895567595959,0.0462143830955029,0.0486854985356331,0.0452735833823681,0.0473980419337749
"v1lhA8I4",0.0210121646523476,0.0277882441878319,0.027927877381444,0.0317092761397362,0.0279735550284386
"v3JzigLI",0.0400027185678482,0.0404426231980324,0.0459809377789497,0.0409390777349472,0.0452316924929619
"v5IwjyIg",0.0390310026705265,0.0393586307764053,0.0409293137490749,0.038164883852005,0.0405805632472038
"v6lp5TK1",0.062128022313118,0.0673461630940437,0.0708262473344803,0.0692955106496811,0.0702802762389183
"v8vOaaWq",0.0991340503096581,0.101481474936008,0.107320800423622,0.102694734930992,0.0993675887584686
"vAYKtoil",0.0365732610225677,0.0395442321896553,0.0447562374174595,0.0369095504283905,0.0452570542693138
"vGTNQa6G",0.0177983548492193,0.0204146448522806,0.0208347365260124,0.0196572002023458,0.0224297791719437
"vQzNxHoL",0.0620409734547138,0.0656187683343887,0.0670916140079498,0.0645927265286446,0.0681042149662971
"vfZGBUJm",0.0722125098109245,0.0742607265710831,0.0805751010775566,0.0781513974070549,0.0750041306018829
"vlooVUoT",0.0239577032625675,0.0287257321178913,0.0312032476067543,0.0298138000071049,0.030746528878808
"vrACvd4O",0.046632643789053,0.0536498613655567,0.0534803681075573,0.0509585924446583,0.0588620342314243
"w8hdjLwb",0.0236086118966341,0.0262200441211462,0.0297897811979055,0.0262312795966864,0.0305099692195654
"wAntv4gH",0.0594696924090385,0.0644803494215012,0.0639848709106445,0.0633482411503792,0.0656996443867683
"wIUL09q0",0.102672934532166,0.0915109068155289,0.0961962342262268,0.0982642993330956,0.0935966372489929
"wOzx7Fgz",0.0381675213575363,0.0370809286832809,0.03932249173522,0.0372816361486912,0.041016660630703
"wPhjhCJQ",0.0983886271715164,0.100422248244286,0.101571314036846,0.102354526519775,0.099203422665596
"wQSWWmYB",0.067260205745697,0.0726648569107056,0.0732330530881882,0.0749105513095856,0.0747209191322327
"wdIMrXwy",0.0687459707260132,0.0717663764953613,0.0752937495708466,0.0737212523818016,0.0797586441040039
"wiL9npQc",0.0691439509391785,0.0765169337391853,0.0783699229359627,0.0774517059326172,0.0820470303297043
"wnU95Cxn",0.047039121389389,0.0547100529074669,0.0570937693119049,0.0526444688439369,0.0585180558264256
"wpJbbjJs",0.068092867732048,0.0728161334991455,0.0757283195853233,0.072190560400486,0.0754755586385727
"wsOWTAbI",0.054968923330307,0.058195449411869,0.0615985617041588,0.057444766163826,0.0584063194692135
"wtdBcU3U",0.034879881888628,0.0421122461557388,0.0372836403548717,0.0389948114752769,0.0442209392786026
"wuKXVxOc",0.0488824918866158,0.053468119353056,0.0556511804461479,0.0508220568299294,0.0533516779541969
"wyzadAt8",0.0617214366793633,0.0657334476709366,0.0660320594906807,0.0665462538599968,0.0658422112464905
"wzaKzYwi",0.0528296642005444,0.0586211830377579,0.0626126229763031,0.0507752150297165,0.0544287487864494
"x6GCk4EV",0.0620807036757469,0.0666582733392715,0.0699920207262039,0.0700450837612152,0.0736853033304214
"x6lUi3vf",0.116200812160969,0.118367813527584,0.123279467225075,0.12215144187212,0.124112993478775
"x8mwDHv9",0.0804654732346535,0.0789782106876373,0.0814596489071846,0.0880170464515686,0.078575611114502
"xIYm6puH",0.0282803047448397,0.0338906347751617,0.0348411425948143,0.0318814776837826,0.0343843661248684
"xO6UdpsK",0.0894518569111824,0.0941524803638458,0.0984101146459579,0.0964436084032059,0.0979127883911133
"xQ2bkOvj",0.10532271116972,0.110208958387375,0.107758268713951,0.105577170848846,0.111213721334934
"xeXyDCEQ",0.0389641001820564,0.0428954847157001,0.0419791378080845,0.0402645170688629,0.042397677898407
"xrggHziO",0.0484853945672512,0.0521766692399979,0.0595805794000626,0.0501969270408154,0.0549140460789204
"y1WMCmqQ",0.0896175131201744,0.0933322906494141,0.0975606217980385,0.0949129313230515,0.0952312350273132
"yDngezhM",0.0686518624424934,0.072699062526226,0.0773662403225899,0.0720027983188629,0.0736003890633583
"yLiFjMD0",0.0786260515451431,0.0795900747179985,0.0822315812110901,0.0809023678302765,0.0814957246184349
"ySwEBO7w",0.0511212758719921,0.0542668402194977,0.0590697564184666,0.0518845692276955,0.0582234151661396
"ydC9UsSm",0.0310243107378483,0.0350506044924259,0.0391630455851555,0.0331270098686218,0.037275392562151
"ydEG4VBd",0.0268101990222931,0.0332653596997261,0.0339718647301197,0.0324501395225525,0.0350328534841537
"yf76yWXc",0.0261052623391151,0.0314609296619892,0.0321455523371696,0.0307480655610561,0.0330896861851215
"yg70e63n",0.0582841783761978,0.0635541453957558,0.0649300739169121,0.0611929222941399,0.0671020299196243
"ywxtlSKv",0.0463154464960098,0.052651472389698,0.0574358552694321,0.0492691546678543,0.0467722788453102
"yzKPQPOR",0.0318115912377834,0.0365604571998119,0.0414125882089138,0.0398606806993484,0.043768297880888
"z5cnOnZ1",0.0730431079864502,0.0783160999417305,0.0830632820725441,0.0805130377411842,0.0806073322892189
"zFLkOE0e",0.0503623001277447,0.0564803183078766,0.0629457905888557,0.0576688088476658,0.0614668801426888
"zGi72mxL",0.0812542885541916,0.0833251997828484,0.0838741958141327,0.0837512910366058,0.0850596055388451
"zN925UV3",0.0663508325815201,0.0717480406165123,0.0789589211344719,0.0739172697067261,0.0744091495871544
"zTy2ih7e",0.0312561169266701,0.0330886095762253,0.0353109985589981,0.0328746996819973,0.0346318297088146
"zVFzAutw",0.0991752743721008,0.101698763668537,0.105919077992439,0.103250831365585,0.105232007801533
"zYxNAkht",0.0885032191872597,0.0939542278647423,0.0915768295526505,0.0964705944061279,0.0948539152741432
"zaWDBai3",0.0765544474124908,0.0830952078104019,0.0836559012532234,0.0750515908002853,0.081652544438839
"zg3u0Zsx",0.0688597336411476,0.0719924569129944,0.072484090924263,0.0693600922822952,0.0743908360600471
"zlwLfdsS",0.0401422791182995,0.0439327694475651,0.0422830171883106,0.0436899997293949,0.0450207851827145
"zmbKzVfl",0.0412512235343456,0.0450883843004704,0.0471361353993416,0.0433864891529083,0.0474561601877213
